Easonzyc,http://www.dianping.com/member/6976660,40,口味：4.0 环境：4.0 服务：4.0 人均：0元,,2017-09-16 22:08,褒贬不一的一家小店，终于拔草，老板是杭州人，听他与别人的聊天口气，感觉是一个直脾气的人。点了脆皮大肠，油淋鸡这两道招牌，还有不少其他的小菜。油淋鸡，葱油很香，鸡酥嫩。脆皮大肠不负胜名，没有一点油，外脆里酥，配上蘸酱，很可口。肉末水蒸蛋是家常的味道，香菇青菜油大了点，玉米山药仔排煲蛮清爽的，吃得蛮落胃的。总体上口味到还行，是地道的老底子味道，家常味道，脆皮大肠还是值得吃的。
兜兜里有糖9,http://www.dianping.com/member/36413441,40,口味：5.0 环境：4.0 服务：5.0 人均：0元,,2017-09-11 17:25,卤大肠和油淋鸡还不错，价格便宜，比较地道的杭帮菜。	
shuyu,http://www.dianping.com/member/4345883,50,口味：5.0 环境：4.0 服务：4.0 人均：70元,喜欢的菜： 油淋鸡,2017-09-10 17:12,临了靠九点打电话去老板说还有的吃三人奔命一样过去油淋鸡大肠板栗仔排玉米山药排骨汤板栗略微生了一点点其余菜强推	
我是你们智慧的小伙伴^_^,http://www.dianping.com/member/103433245,30,口味：4.0 环境：2.0 服务：3.0 人均：50元,喜欢的菜： 油淋鸡 钱江肉丝,2017-09-08 15:33,第一次尝试吃大肠，脆皮的，基本上每桌都会点，挺好吃的，没留下心理阴影！配图是油淋鸡，下饭！钱江肉丝，下饭！蔬菜种类也蛮多的，就是有的不一定在菜单上，点菜的时候可以问问。十块钱一大碗饭，足够四五个人吃。这边的餐具是¥1.5/套，白开水不收费。	
长腿三小粒,http://www.dianping.com/member/36135685,40,口味：4.0 环境：4.0 服务：4.0 人均：0元,,2017-08-29 19:27,开了挺久的一家店那天刚巧在那一块外拍晚饭四个女孩子就在附近随便吃一点都是一些家常菜但是做的比较接地气没有什么华丽的招牌装修也是特别简单但是出名的是油淋鸡和卤大肠真的特别好吃！感觉就像小时候常吃的家常菜味道怎么说呢就感觉很接地气油淋鸡的肉质特别嫩还特别香油看着多但其实特别轻大肠是我想点第二盘的一道菜！四个人都说点着一盘就够了！很干净很嫩很轻沾着酱就特别下口！还想去吃一顿	
小秋要吃肉,http://www.dianping.com/member/790198496,40,口味：4.0 环境：3.0 服务：3.0 人均：0元,,2017-08-24 10:42,这种味道的大肠表示很想念醒来时打电话确认是否开店回复对的还在惠民路上虽然是第一次吃但是总有一种莫名的亲切感味道是家常菜的味道喜欢小店保留传统的口味是连锁店比不了的三菜一饭一人食坐在对面好友晚上不吃东西的却也说这一定很好吃。而且上菜速度也很快再来杭州怎么都想去吃的一家馆子。油淋雞|脆皮大腸都是會讓你記住的味道。	
Zowzow,http://www.dianping.com/member/3555368,30,口味：4.0 环境：2.0 服务：2.0 人均：0元,,2017-08-23 16:23,环境真的是差了一点闺蜜安利了我很多次一定要去这个大肠真的是赞秒杀德明的量也很大很推荐就是要抓紧啦那里要拆迁了	
howareyou0914,http://www.dianping.com/member/44071978,40,口味：5.0 环境：3.0 服务：4.0,喜欢的菜： 钱江肉丝,2017-08-15 12:53,在惠明路，上城区区政府旁，一家不起眼的小店。troi7修已破、设备陈旧、卫生邋遢。但你可别小看这家老店，因为这家店在杭州有年头了，非常出名。之所以破旧因为老板都专注到研发菜了。这家店经常来，每次必点脆皮大肠和油淋鸡。不要在意环境，来吃就对了！今天7个人吃，10个菜全部消灭，消费360元	
liushui1977,http://www.dianping.com/member/46136717,30,口味：4.0 环境：1.0 服务：1.0 人均：80元,,2017-08-14 23:04,口味还可以，只是环境太不理想了。而且，这种口味，不足以让人再去第二次，毕竟干净整洁是餐馆的起码条件。	
暗淡如霜,http://www.dianping.com/member/29361588,50,口味：5.0 环境：5.0 服务：5.0 人均：0元,,2017-08-12 23:14,地道杭州口味，小时候的味道。推荐	
绿肥爱红瘦,http://www.dianping.com/member/792888582,40,口味：4.0 环境：4.0 服务：4.0,,2017-08-07 23:28,城站边上有条福缘巷，然后发现惠民路上有家福缘居~挺顺眼要拆了~赶紧过来尝了一下招牌菜，有点小失望…从环境，到服务，再到味道…	
小丸子的后花园,http://www.dianping.com/member/5425318,50,口味：4.0 环境：4.0 服务：4.0 人均：0元,喜欢的菜： 钱江肉丝 油淋鸡,2017-08-02 11:12,从初中开始就吃的店。油淋鸡和脆皮大肠一直是最爱的。	
李蜀黍爱做饭,http://www.dianping.com/member/1022137804,40,口味：4.0 环境：2.0 服务：3.0 人均：0元,喜欢的菜： 油淋鸡,2017-08-02 10:54,口味整体不错，听说是一家老店。油淋鸡好吃，就是人有点累，味觉不准。	
王大发发发,http://www.dianping.com/member/33872126,50,口味：5.0 环境：5.0 服务：5.0 人均：0元,,2017-08-01 20:13,趁没关门赶紧来品尝下，真的好吃。大肠必须点，油淋鸡必须点，糖排必须点，都必须点	
爱迷糊的小能猫,http://www.dianping.com/member/38596518,40,口味：4.0 环境：2.0 服务：2.0,,2017-07-25 16:40,听说惠民路要拆迁了，很多店都要关门了，趁着拆迁前来吃下这家网红的老店。人还是很多的，快8点了，位子都是满的，很多都是附近的住户。因为去的晚，肥肠已经卖完了。油淋鸡真的很大一碗，味道还不错，鸡也不肥，鸡肉很嫩，也很入味。臭豆腐很霉，炸得很透，吃起来脆脆的。蘸上辣酱，味道好极了。京酱肉丝一般般，感觉太咸了。	
mini妮妮511,http://www.dianping.com/member/5441865,50,口味：5.0 环境：5.0 服务：5.0,,2017-07-25 11:08,典型的杭帮菜，很对我的胃口啦！	
diladilala,http://www.dianping.com/member/1197485881,30,口味：3.0 环境：2.0 服务：2.0 人均：0元,,2017-07-20 17:14,为了脆皮大肠去的一家苍蝇饭馆脆皮大肠可以达到🌟🌟🌟🌟外脆内嫩，甜咸适宜。好吃到惊呼诶！我觉得这家店去打包一份脆皮大肠就可以了。其他就没有什么值得推荐啦。店内的环境不大卫生，服务员也爱搭不理。主要做的也是老顾客生意。虽说吃的接地气，但卫生可以稍微改良	
品德同学,http://www.dianping.com/member/113780373,50,口味：5.0 环境：3.0 服务：4.0 性价比：4.0 人均：0元,,2017-07-18   更新于2019-09-12 13:44,每次来杭州必须打卡的地方「脆皮大肠」脆皮大肠是最爱每次都是要双份，因为太饿了，没有太多的时间去拍照。大肠独有的味道，虽然被掩盖了一部分，还是能吃出来刺激性的味道，这么软甜糯糯的口感，外皮有点脆。完美。「干炸臭豆腐」「卤鸭」「油淋鸡」这些都是很完美的。	
aks5,http://www.dianping.com/member/1039080963,10,口味：1.0 环境：1.0 服务：1.0 人均：0元,,2017-07-17 23:53,从多少年前就时常光顾了，老板也是本地人，因为那时候我家和单位就在边上，有时懒得自己烧常去，工作餐也不知道吃了多少次。这次是搬家后第一次带一个朋友来吃，本想让朋友尝尝本地家常，可惜已不是当年，真是大失所望，盘子破的破脏的脏，先是饭里发现了虫，紧接着土豆丝里发现了残余的保鲜膜，跟服务员沟通也不及时回应，老板态度更是恶劣，没有丝毫歉意，在没有了解全部事实的情况下，直接肆意地叫嚣着让我去投诉。我只是觉得对不住这个朋友而已，吃个饭还那么不省心。这家店一排都要搬迁了，那些年的美好回忆瞬间土崩瓦解，失望到绝望！	
QYQYQYQYQ,http://www.dianping.com/member/48246075,45,口味：4.5 环境：4.0 服务：4.0 性价比：5.0 人均：0元,,2017-07-17   更新于2020-02-29 17:54,在那个还没有大众点评的年代，小时候经常来吃的杭帮菜家常小馆，口味还不错，性价比挺高的。想不到竟然上了必吃榜，有种穿越感。	
宝贝的朵朵,http://www.dianping.com/member/2354504,40,口味：4.0 环境：4.0 服务：4.0 人均：0元,,2017-07-17 09:02,惠民路上好吃的店很多倒是一直知道，但就是没怎么去寻味过，听说六月底要拆了，赶紧叫上小伙伴直奔过去，赶上了最后一天。傍晚过去要排队，老板挺亲切的，最后一份大肠给两桌顾客匀了一下，满足了从滨江赶过来的馋嘴小伙伴。臭豆腐挺有特色，跟以前吃的不太一样，虾油鸡我觉得除了肉有点点肥，口味还是不错哒，平时找人聚聚还是挺好的。坐等老板新店地址啦。	
庆儿mika,http://www.dianping.com/member/7412845,50,口味：5.0 环境：5.0 服务：5.0 人均：0元,,2017-07-16 10:15,这是一家不怎么起眼的饭店，但是各大公众号推介这家店，于是便来拔草一下！传说中的大肠，螺丝，秘制鸡都是必点的菜两个人点了四个菜也够吃了～味道都非常赞，推介的没错！4～5个人来吃的话可以多点一点～我推介这家店，真心好吃	
淡如风景,http://www.dianping.com/member/3496861,40,口味：4.0 环境：4.0 服务：4.0 人均：50元,,2017-07-14 10:29,忽略环境和服务，招牌菜大肠和油淋鸡都一般，意外好吃的是隐藏菜：黄喧儿～老客是必点的。肉质肥嫩，吐沙干净，一盘是铁定不过瘾的！	
bibighost,http://www.dianping.com/member/6495454,40,口味：4.0 环境：3.0 服务：3.0 人均：0元,,2017-07-12 10:59,貌似惠民路这条街的商铺好多都要搬了，这才找到一个正当的理由来体验这家店。据说也是市井中的小明星。综合说来，还是非常地道的杭州菜馆，口味也挺正。脆皮大肠，虽说价格不便宜，但是味道真的不错，香脆有韧劲，酱汁也调的恰到好处。葱油腰花，味道很赞也很嫩，最大的不足就是量少了点。不过也可以理解的，毕竟现在成本那么高。只能感叹自己赚钱少，哈哈。干锅花菜，就一般般啦。不够入味。辣子鸡也是，不够入味。环境么，要求就不要太高了。	
杨明祺,http://www.dianping.com/member/757959805,40,口味：4.0 环境：3.0 服务：4.0,,2017-07-10 19:16,还可以吧，可能是口味不太适合，偏清淡	
姆苟苏独自进藏求带走RB,http://www.dianping.com/member/763553759,40,口味：4.0 环境：4.0 服务：4.0 人均：0元,,2017-07-10 01:52,【大众点评杭城第一正义力量】【头像被人冒领了我也很尴尬啊谁冒领的？就我现在头像这个**。对他正盯着你看呢！我每天打开看到他都要吐了】大肠好吃专门来吃脆皮大肠49一份味道确实好不过略微有点油薅气莼菜汤不错但是出品比较一般臭豆腐和瓦块鱼都蛮好吃的。店面很小墙裙还在troi7修坐着有点挤。吃到大肠很开心吃完觉得自己又帅啦	
潘小金,http://www.dianping.com/member/34294522,50,口味：5.0 环境：4.0 服务：5.0 人均：0元,,2017-07-09 14:16,深藏不露的街边店，杭帮菜非常地道好吃特别推荐脆皮大肠，外皮脆肉质糯莼菜汤龙井虾仁也是味道清淡又有滋味笋干菜杂蛤随手点的，也是小惊喜非常推荐	
Dk牧羊座,http://www.dianping.com/member/14873754,30,口味：4.0 环境：2.0 服务：1.0 人均：0元,,2017-07-08 10:42,服务不怎样，菜品没想象中好期望高了	
女女_小华华,http://www.dianping.com/member/8090410,40,口味：4.0 环境：2.0 服务：2.0 人均：0元,喜欢的菜： 油淋鸡 脆皮大肠,2017-07-02 09:54,听说要拆了，赶紧来尝尝~大肠真的很赞🏻脆脆的，大家都说不浇酱汁前更好吃油淋鸡感觉像是在吃葱油扁鱼🏻	
痴笑仙,http://www.dianping.com/member/7090688,50,口味：5.0 环境：4.0 服务：3.0 人均：60元,喜欢的菜： 脆皮大肠 油淋鸡,2017-07-01 19:33,听说惠民路快拆了，想着拆之前去尝尝他家传说中的脆皮大肠。店面小小的，里面油腻腻的感觉，充满市井烟火味。点了招牌的油淋鸡，葱油很香，鸡酥嫩。脆皮大肠不负胜名，没有一点油，外脆里酥，配上蘸酱，很可口。肉末水蒸蛋是家常的味道，香菇青菜油大了点，玉米山药仔排煲蛮清爽的，吃得蛮落胃的。	
慕容淡烟,http://www.dianping.com/member/3858879,30,口味：3.0 环境：3.0 服务：2.0 人均：0元,,2017-06-30 14:35,听说要整改，赶在最后一天去刷了这家店（前一天去晚了，没位置），遇到不少同样目的的同事，点了招牌的大肠，运气不错，吃到了，味道还挺香的，可能因为最后一天生意太好有点敷衍，吃过的小伙伴说平常还能更脆点，就是蘸料对我来说甜的反人类，所以我就干吃的，要是来碟椒盐更完美，酱爆牛蛙就是就是家常红烧味，没怎么放糖我比较满意，鱼头不怎么入味，蛋黄南瓜和椒盐牛柳不够咸，山药玉米仔排煲感觉不够鲜，山药太老了都是丝，但是里面的玉米很清甜被我们吃光光了，味道也就那样吧，小饭馆最大的问题就在于从老板到服务员态度都拽的不行，要个打包盒问了三个服务员没人理我，自己去拿还被骂……	
潜镜下的大脸,http://www.dianping.com/member/138115643,40,口味：3.0 环境：3.0 服务：4.0 人均：0元,,2017-06-29 20:49,据说要拆了，就过来尕个热闹，过去的时候已经8点了，很多菜都没有了，很尴尬。点了臭豆腐，油淋鸡，钱江肉丝，清炒芦笋，2个人吃的还是蛮饱的。油淋鸡作为特色菜，肯定还是有2把刷子的，味道还是不错的，半只鸡，鸡也嫩，口感比较好。钱江肉丝就一般般了，葱是碎的，应该是葱段，勾芡也不够。臭豆腐有点老，菜场货吧，芦笋不错，口感清脆，咸淡适中，很喜欢。招牌大肠没吃到，有点遗憾。环境的话因为老了，肯定不如新店，但是也别有味道。老底子的情怀吧	
Chef_Liu_,http://www.dianping.com/member/140066925,10,口味：1.0 环境：1.0 服务：1.0 人均：0元,,2017-06-29 15:24,环境，上菜速度和服务就不说了，味道实在是一般般，油淋鸡油腻，肉柴，淡淡葱油香加老抽味，东坡肉材料不错，带软骨，香味不够，油脂没炸够，莼菜汤有股腥味，不敢恭维。写真实意见的都是希望商家改进的。	
SDE99,http://www.dianping.com/member/32078277,50,口味：4.0 环境：4.0 服务：4.0 人均：0元,,2017-06-28 20:41,油淋鸡必点，其他其实一般，有点油哦！	
葉不非,http://www.dianping.com/member/116648436,30,口味：4.0 环境：2.0 服务：3.0 人均：60元,喜欢的菜： 蒸三鲜 油淋鸡,2017-06-27 21:37,想了很久，这次来河坊街顺路试一下，到了之后看到环境让人很失望，就是一个小破店，晚上看起来更惨=_=点了几个菜尝味道，油淋鸡稍微油腻不过口感很好，臭豆腐味道奇怪，差评，蛋黄南瓜水平一般，随便点的蒸三鲜有点咸，到出乎意料的味道不错，招牌的脆皮大肠还没机会试，以后会不会再来之能随缘了	
chiaki777,http://www.dianping.com/member/3522186,40,口味：5.0 环境：2.0 服务：3.0 人均：70元,喜欢的菜： 脆皮大肠,2017-06-27 20:05,舌尖上的杭州之惠民路老店惠民路上各种面馆都吃过，常吃，唯独这家店一直是没吃过，最近各种公众号微博推，再加上惠民路整治的风波，让我很想尽快来试一试到底是怎样的老店能俘虏人和嘴。店不大，灯光微黄，老老旧旧的，墙壁上么也很多掉了，说真心话环境真的是不怎么样。菜单就是简单的塑封粉纸，没有花哨的装饰，实在的分类了店里的特色，冷热菜什么的。想也没想就点了，脆皮大肠，我的最爱。烧好大肠不容易啊，但是这边做的真的还挺不错的。首先，就是不油，有些店还要在盘上垫一张纸作为吸油用，这边大肠一盘吃完我都不觉得油腻！两边得比较瘦，很脆带点小焦真是完美，沾点卤儿，入口感觉棒棒的哦！卤儿是甜辣口，把大肠的滋味完全带了出来！嗯，反正我挺喜欢的！价格49，一分价格一分货！油淋鸡，卖相不错，味道我觉得没有传说中那么让人有回味。鸡肉倒是很嫩，葱油味道让我想起我妈烧的葱油桂鱼，一大半打包回家了。家常豆腐，味道哈可以，不是很油，吃精光了。毛豆臭豆腐，时令菜，家里吃了一个礼拜臭豆腐了，竟然又被对面的大哥点了，可能是我家里吃的要吐了，所以对这只菜不是毛罗胃。毛豆下下酒挺好的。毫不犹豫推荐脆皮大肠！适合人多点来吃！谈谈工作谈谈生活，喝两个啤酒，微光的灯光，说起来这种感觉还有点“深夜食堂”^_^	
W_04656,http://www.dianping.com/member/409982090,40,口味：5.0 环境：4.0 服务：5.0 人均：0元,喜欢的菜： 脆皮大肠,2017-06-26 23:02,五点半左右到店，居然是第一桌客人。油淋鸡，稍稍油腻。脆皮大肠！一万个好吃！喜欢大肠的胖友！请！千万不要错过好嘛！最后，味道是很好的，只是如果环境也能改善一下就。好上加好了呀。	
michellexwz雯,http://www.dianping.com/member/23436832,30,口味：4.0 环境：3.0 服务：3.0 人均：80元,喜欢的菜： 脆皮大肠,2017-06-26 12:35,听说单位楼下的小吃店要集体搬迁了，赶快趁6月底前去拔草，本来冲着油淋鸡去的，却被脆皮大肠吸引，甜甜的蘸酱符合我的口胃，油淋鸡倒是很一般，用的全是白白的鸡脯肉，浇头跟葱油鲈鱼用的葱油汁是一个调调，菜色总体偏咸，适合下饭	
cindyjia131,http://www.dianping.com/member/11561503,40,口味：4.0 环境：3.0 服务：4.0 人均：0元,,2017-06-24 10:31,传说中做传统杭帮菜为数不多的代表之一，油淋鸡做这个菜的基本没有了，之前电视台公众号各种推送过，终于跑来尝鲜油淋鸡特色菜之一，鸡肉拿上来的时候是冷的，鸡皮油里炸过后，浇上豉油汁，说不上惊喜，一般般凉拌臭豆腐油炸过的臭豆腐放了香菜泰式酱➕鱼露很有创意，臭豆腐本身很咸➕酱汁的咸太咸了醋溜鱼块老杭州的醋溜鱼块里就是放萝卜的不要觉得这个搭配奇怪，鱼有泥土味，让整个菜大打折扣	
x_h_x,http://www.dianping.com/member/78233496,40,口味：4.0 环境：4.0 服务：4.0 人均：60元,,2017-06-20 16:19,点了一些菜总的老说有好有坏还过得去脆皮大肠很不错外脆里嫩臭豆腐毛豆也很入味虾油鸡也很下饭黑鱼两吃比较一般黄鱼鲞蒸千张包有点腥黄鱼鲞不是很好吃	
特安娜,http://www.dianping.com/member/9300137,40,口味：4.0 环境：3.0 服务：4.0 人均：120元,,2017-06-18 14:16,菜品不错，算是老底子杭帮菜，属于藏在巷子里的特色餐厅，就是环境欠缺些，不过老板人很热心，会主动询问菜的口味等等，至于价格有些小贵。	
ytyhao,http://www.dianping.com/member/22315260,50,口味：5.0 环境：5.0 服务：5.0 人均：0元,喜欢的菜： 油淋鸡,2017-06-12 15:45,老底子的杭帮菜，推荐给年轻人，商场的店不代表经典和好吃	
yyyfil,http://www.dianping.com/member/54338209,50,口味：5.0 环境：4.0 服务：4.0 人均：68元,喜欢的菜： 发糕 家常豆腐 蛋黄南瓜 虾油猪舌 脆皮大肠,2017-06-09 19:58,回头吃了很多很多次炒菜都很好吃冷菜也好吃虾油门腔大菜像鱼头那种有点一般般味道没进去发糕简直了！！那个口感！！绝对忘不了！！我都不想告诉你们只想吃独食。人数少的话可以点半份	
woodydr,http://www.dianping.com/member/1096939836,50,口味：5.0 环境：4.0 服务：4.0,喜欢的菜： 油淋鸡 脆皮大肠,2017-06-05 10:05,哈哈，终于到达杭州啦，早就做好攻略要到这里吃一顿饭，特地计划这一天在南宋御街玩，中午的时候奔过几天街到达福缘居~装修不起眼，就是典型的老菜馆的样子，点了特色菜油淋鸡，脆皮大肠！还有汤和青菜三个人吃够够的啦~脆皮大肠我是第一次吃，味道真的很棒，回来后还一直惦记着~油淋鸡也很入味~	
ruouanxiao,http://www.dianping.com/member/756942653,50,口味：5.0 环境：5.0 服务：4.0 人均：0元,,2017-06-02 21:07,招牌菜点了没要米饭还不错杭帮菜口还挺重的	
海上瀛洲,http://www.dianping.com/member/16535,30,口味：3.0 环境：3.0 服务：3.0,,2017-06-01 22:35,“老底子”杭菜馆之一，最近好像大家都在找类似的小饭馆，脆皮大肠众口交赞，那就走一个吧！地铁1号线定安路站，在惠民路上，前后左右有不少小有名气的面馆、小吃店。端午节的中午没有店堂坐满，就是小饭店的布置。菜单是正反面的，点了脆皮大肠49、黄鱼鲞蒸千张包30、皮儿荤素20。脆皮大肠其实是圈子，外皮有点微微的脆，有丁点儿辣，吃口软糯，好吃的。黄鱼鲞蒸千张包端上来有点腥气，吃起来倒是一点儿都不腥，最最好吃的是毛豆子，吸取了黄鱼鲞和百叶包中肉汁的精华。皮儿荤素中是杭白菜，和猪肉片好、肉皮，可惜勾芡太多了，一碗浆糊。	
猫师傅周小灰,http://www.dianping.com/member/126802279,50,口味：5.0 环境：3.0 服务：4.0,,2017-05-29 19:31,第一次尝试拌臭豆腐，用的是酸辣汁，上面撒香菜，很有种东南亚国家先吃的感觉，味道做的很足。脆皮大肠味道很正。油淋鸡做的比较嫩，但外皮炸的不够过后，鸡也不太入味，由于鸡本身也并不是很香，导致不沾汁就不太有味道了，但沾汁调的不错，所以这个菜总体有合格分。还点了个腌菜，味道清淡了些，感觉腌的还不够似的。	
yvettegerry,http://www.dianping.com/member/17848638,30,口味：4.0 环境：3.0 服务：3.0 人均：0元,,2017-05-28   更新于2017-05-31 16:46,还蛮好吃的，就是环境差了一些。油淋鸡简直太好吃，外面的皮类似烤鸡肉质很嫩大肠也是完美一定要点，量也是巨大很多人推荐的醋溜鱼头汤底喜欢，里面还有萝卜，爱吃酸的肯定大爱这道菜蔬菜要了芦笋清爽入味如果环境可以改善一下服务态度再好一些还是一家口味不错的杭邦菜	
无奈兽,http://www.dianping.com/member/28152140,40,口味：4.0 环境：3.0 服务：3.0 人均：70元,,2017-05-23 17:27,在西湖银泰边上的巷子里，这家店相比其他家来说是人气爆棚的，相信群众果断拔草。按点评上说必点菜来吃，几乎没看菜单就点齐了。黑鱼两吃比较一般了，汤有些寡淡；炒黑鱼片倒是还不错；油炸臭豆腐很老家那边的不太一样，味道太大又些接受不了但应该是正宗的味道吧；脆皮肠是真的惊艳到，酱料搭配的特别赞！真是一家有些惊喜的小店，不是那么华丽却还一样实惠美味～	
脆弱的蓝,http://www.dianping.com/member/721402956,30,口味：4.0 环境：3.0 服务：2.0,,2017-05-11 21:36,朋友请客，放在这里，记得几年前这里生意一般，现在生意好到爆，口味给四星，是因为量很足，牛骨烧的挺入味，拌臭豆腐，以为是捏碎了拌，没找到是整块拌，加了香菜和芥末，这个口感很特别，其他菜都中规中矩吧。环境有点老旧，人多比较嘈杂。服务不太好，烧个水烧半天，一瓶矿泉水都喝光了，水还没烧好。也是客人多，服务员少的缘故，价格偏贵，三个人吃了小五百。	
百变小嘴,http://www.dianping.com/member/17522486,40,口味：4.0 环境：4.0 服务：4.0 人均：0元,,2017-05-09 00:28,周五幕名而来，脆皮大肠还可以，其他都很一般般，生意兴隆不错，地方很小的。吃完就尽快走。	
绿叶飞舞666,http://www.dianping.com/member/7085154,50,口味：5.0 环境：4.0 服务：5.0,,2017-05-08 12:37,不知是不是我好大肠，发现杭州好大肠的人很多。杭州大街小巷藏着口碑满满的大肠。比如八卦田那的德明。沈宏非这么评价：没有这碗无敌霹雳爆炸好吃招牌大肠的享受，最难将息。这阵吃货又一窝蜂去鼓楼十五奎巷那的兰边碗，尝那白卤大肠。好像又是沈宏非推荐。舌尖上的中国，这片子，深入人心啊。所以那总顾问的头衔，牛。惠民路的福缘居，它家也有脆皮大肠，有吃货评价：和德明家的不相上下。今个上午雨，豆大雨点；路边快速积起一滩水；雨水滴落，水花飞溅，一个个水圈扩散……可能早，所以空，10分钟上菜。不经意触到汤汁的小碗，温热。今天雨气温下降，我仍是薄衣。这份温热，突然的暖心。肠，整齐三排。现炸，皮焦黄。有的略深，褐色，皱皱的，想着都香。夹起一块，选了肉头厚实的，蘸了酱汁。第一口，微甜，蓝厚咸鲜。调料不像德明家那么浓厚，轻薄些，似乎咸鲜味更合适。老太太嘴极叼，她尝了第一口，就说：有一点点辣，不错，好吃。杭州老底子的味道，就是有一点点甜，再一点点辣。据说它家大肠卤好后，放着备用，有客人下单后，滚油15秒，保证皮是脆的，里面还是嫩的。看到老板，买菜回来。这样的雨天，食材依旧自己把关，点个赞。与老太太戏言，等你80了，同样的菜，你一定吃不出现在的味。趁味蕾没罢工前，尝点，别多。钱这东西，这不花那花。如其花在医院，还是吃点好吃的。少而精。完蛋，又跑题。	
火冋儿,http://www.dianping.com/member/40028455,30,口味：3.0 环境：3.0 服务：3.0 人均：0元,喜欢的菜： 油淋鸡,2017-05-04 00:23,【福缘居】那天晚上七点钟去的福缘居，真的是要什么什么没有。好歹吃到油淋鸡，要趁热吃，皮还是酥的。糖醋里脊，面粉虽然不见得会少，但是味道还是小时候的味道。干锅花菜，底下一般都会点一个蜡块，但是我们这桌，服务员没有点，后来也懒得麻烦服务员了。唯一不足的是三鲜汤的虾都是死虾，而且是死透了！跟老板说了之后，老板劈头盖脸地骂服务员了。冲着油淋鸡还是可以再吃一回的。	
mifq,http://www.dianping.com/member/6500215,40,口味：4.0 环境：4.0 服务：4.0,,2017-05-01 07:59,在老城区，靠近南宋御街和吴山，不缺客流。因友人推荐，来到这家小店。菜的口味不错，做得挺入味的，怪不得有不少回头客。东坡肉经典，孩子爱吃；蛏子新鲜，比其他店胜在食材。水芹菜酱爆牛蛙也不错！店内环境整洁，比周边饭店胜出一筹。	
aiyofree,http://www.dianping.com/member/58187935,50,口味：5.0 环境：4.0 服务：4.0,,2017-04-29 20:35,大肠真是太好吃了我平时是不吃大肠的居然也吃了半碟其他菜也都挺好出来旅游就得吃当地的土馆子	
不器_8033,http://www.dianping.com/member/285957634,10,口味：4.0 环境：1.0 服务：1.0 人均：65元,,2017-04-28 14:22,点完菜跟我说没饭了，呵呵，那我怎么把这三个菜吃完呢🌝	
咖珍,http://www.dianping.com/member/21656623,50,口味：5.0 环境：5.0 服务：5.0,,2017-04-26 11:31,太好吃了！！尤其是大肠，软嫩香滑，有点五香味儿！	
like一只菠萝,http://www.dianping.com/member/33568988,40,口味：5.0 环境：3.0 服务：3.0 人均：60元,喜欢的菜： 油淋鸡,2017-04-23   更新于2017-04-24 04:39,惠民路上，躲在定安路和南宋御街中间，也算是老杭州的社区了，【福缘居】就是杭州人日常吃吃的老底子杭州菜，门头很不起眼！可是每次去，生意都是好的，老板老郭是杭州社区里的隐藏“厨神“。环境和服务都很一般，菜单也只是图9那样一张纸而已，但是分量都是蛮足的！点菜指南看下面👇油淋鸡，42元，味道会比较像葱油的鲈鱼？很香～鸡肉不柴，连鸡胸部分都很嫩！脆皮大肠，49元，这家的大肠必吃！就是老杭州的味道，脆脆的，甜甜的，还有一点儿辣！吃完还想打包走一份…虾油鸡，58元，虾油菜算是杭州人的过年菜了，很鲜，有点绍兴酒的香气，略有一点点咸，下酒，下饭都很好。还有虾油肚和虾油门腔，想吃的话可以点个拼盘！黄鱼鲞蒸千张包，39元，这个菜太灵了！超级鲜！黄鱼鲞不咸，肉质很细，我一个人能吃掉一条！千张包纯葱肉，很饱满。糖醋里脊，价格不记得了，趁热吃，脆！酸甜可口。不过面粉比较多，肉有点少。马蹄芦笋，菜单上是嫩菱芦笋，但这个季节没有菱角就换了马蹄～清甜，很爽口。	
柒柒敲爱吃,http://www.dianping.com/member/12807367,50,口味：5.0 环境：5.0 服务：5.0 人均：0元,,2017-04-23 13:56,奔着大肠来的的确没有让人失望	
feiief1128,http://www.dianping.com/member/23803876,50,口味：5.0 环境：4.0 服务：4.0 人均：0元,,2017-04-20 19:40,适合和三五好友来吃吃家常菜。油淋鸡和脆大肠好吃好吃好吃螺蛳也正当时都是下酒菜么老板，来两瓶啤酒！！！离河坊街很近，吃饱走出去消消食也是很好的～	
amandina5400,http://www.dianping.com/member/2921306,40,口味：4.0 环境：4.0 服务：4.0 人均：0元,,2017-04-19 00:16,新发现的好馆子，其实是很老底子的店了。大肠的酱汁很棒，油淋鸡有特色，嫩滑香。荤菜吃多稍稍有点腻，正好配个清爽的马蹄芦笋，还有咸菜荷包蛋，入味！	
皮卡丘,http://www.dianping.com/member/852296272,50,口味：5.0 环境：3.0 服务：5.0 人均：65元,喜欢的菜： 油淋鸡 西湖莼菜汤 葱油芋艿,2017-04-15 18:52,地道的杭帮菜，15年的夏天一个吃货朋友推荐去的，第一次喝西湖啤酒的地方。之后每次好友来都必带去，在南宋御街附近不起眼的惠民路上。最爱吃油淋鸡和油闷笋，老板很nice，有次干炸响铃不够响，特地重做了一份。春天来了，还没来得及去吃油闷笋～	
StarYeh,http://www.dianping.com/member/36047543,20,口味：3.0 环境：1.0 服务：3.0 人均：50元,,2017-04-13 13:06,从「杭州美食惠」微信公众号寻来的，，不过挺失望的，不是那种期待过高的失望，就是体验比较一般。。第一特色菜价格不亲民，偏贵，，「脆皮大肠」49「那啥虾」没敢问，还要根据实时价，，，第二店面老旧，，墙壁如下图，，，第三口味没那么好，随机点了三个炒菜，臭豆腐还不错「给到2星的原因」糖醋里脊「价格便宜量也确实不足」，，	
楚国来客,http://www.dianping.com/member/852875317,20,口味：3.0 环境：3.0 服务：1.0,,2017-04-06 18:22,盛名之下，真难符实!片川又咸又骚，大肠冷，无服务!	
梓小沐,http://www.dianping.com/member/35283320,40,口味：3.0 环境：2.0 服务：2.0 人均：0元,,2017-04-05 19:20,给朋友过生日在这里聚餐，点了一堆推荐菜。然而并没有传说中那么好吃，唯一惊喜的就是大肠，外皮炸的脆脆的口感，不比德明的差。蒸三鲜味道很一般油淋鸡有一种在吃葱油鲈鱼的赶脚只不过原材料不同，调味一样一样的八宝油条不知道是不是厨师忘记放盐一点味道也没有也是醉了卤鸭的味道还不错，只是我们一桌菜都吃完了，叫了服务员去问，才说忘记给我们上了，然后又等了一会儿才来。。。当然在这样子的店里是不能追求环境和服务的。喜欢吃大肠的可以去尝试下，其他不推荐	
zoe47,http://www.dianping.com/member/6482881,40,口味：3.0 环境：3.0 服务：3.0,喜欢的菜： 糖醋里脊,2017-03-22 23:32,也算是杭州老店了，一直在惠民路上没有动过，他家臭豆腐，红糖发糕是必点菜品，属于杭帮菜，家常菜类型，偶尔去吃或者点外卖，出菜很快，价格也适中，我们五个人点了一桌子菜也就两百零点，人均四十左右，性价比也不错。	
轩轩,http://www.dianping.com/member/32800979,40,口味：3.0 环境：3.0 服务：3.0 人均：0元,,2017-03-20 12:39,盆友上海来玩，自己找的店。我问了几个老杭州都没吃过，闻风而去。提前几天预定的位置，晚上过去果然爆满，装修很旧，人满为患，生意要不要那么好啊，幸好我们有位置啊。上菜略慢，要有耐心，服务生比较少，不要心急。招牌菜很俏：脆皮大肠第一推荐，我平时是不吃猪大肠的，没有骚味，脆而劲道，感动哭，大家赞不绝口。蒸三鲜，服务员说：明天都不一定来，结果很快来了，但一般。卤鸭也必推，香的来，就是冷菜最后上，有的忧桑。螺蛳很肥美，没入味。还有一堆记不清了，总体来说没传说中的惊艳，也可能那天厨师失手，但是为了大肠应该很多人会再去的	
sunywsf,http://www.dianping.com/member/18041453,30,口味：3.0 环境：2.0 服务：2.0 人均：0元,,2017-03-20 09:37,脆皮大肠确实好吃，但也挺油腻的！吃一次就好，容易发胖。	
shelly0708,http://www.dianping.com/member/790491474,50,口味：5.0 环境：5.0 服务：5.0 人均：0元,,2017-03-19 14:40,褒贬不一的一家小店，终于拔草，老板是杭州人，听他与别人的聊天口气，感觉是一个直脾气哦人，点了，大肠，油淋鸡，和上汤菠菜，口味到还行，到并没有有些评论的那么好吃，个人觉得大肠还是德明的最赞，油淋鸡的烧法有特色，但是吃多了有点腻，还是上汤菠菜最好吃。	
张伟燕_1743,http://www.dianping.com/member/657278918,50,口味：5.0 环境：5.0 服务：5.0 人均：0元,,2017-03-18 19:59,虾油鸡是小时候吃过的味道，大肠也不错	
橙橙橙橙橙子甜,http://www.dianping.com/member/423206644,50,口味：5.0 环境：4.0 服务：3.0,,2017-03-10 13:20,一共去吃了两次，第一次是年前去的，美食圈的小伙伴强烈推荐的，地地道道的杭帮菜。第二次是年后去的，逛完南宋御街去吃，反正离的也很近。环境很简单，没有奢华的装饰，就是在小区边的简单菜馆，一家人偶尔偷个懒，不想买菜烧菜吃，就可以来这里吃个便餐。感觉这是适合和最亲密的人一起享用，如果要请客招待领导什么的就不建议来了。糖醋里脊记得好像是10元一份，第一次吃的时候非常好吃，但是后来吃到了更好吃的，所以第二次来吃的时候就觉得并没有那么好吃了。酸醋放的有点多，入口在喉咙里有点刺刺的。但凭良心讲，性价比还是比大的。卤大肠我是一个不怎么喜欢吃大肠的人，一共吃过两次，第一次是在刘家香吃的，因为卤大肠的色泽真的非常诱人，尤其是在灯光下的时候，就忍不住夹了一块尝尝味道，但是入口非常油腻，实在咽不下去就吐了出来。这里是第二次吃，入口感觉比较清爽，不怎么油腻，外面一层有点脆脆的，沾点酱吃味道更浓郁，一块接一块吃停不太下。酱肉冬笋蒸素鸡这是一碗很好次的下饭菜，所以稍微有点偏咸，喜欢下面的素鸡，味道咸度适中，还煮入了酱肉味，比较香。油淋鸡因为虾油鸡的味道太好了，所以忍不住又点了一份油淋鸡，但是味道并没有虾油鸡好，稍微有点油腻。荸荠芦笋比较清淡爽口，搭配着荤菜吃比较好，特别喜欢吃荸荠，甜甜的，几乎吃了一大盘。虾油卤拼盘虾油鸡的味道比较特殊，整个拼盘就是稍微有点偏咸，因为菜吃太饱没有吃饭，所以剩下了很多。	
dpuser_5042349494,http://www.dianping.com/member/1021643692,10,口味：1.0 环境：1.0 服务：1.0 人均：0元,,2017-03-09 16:56,美好的杭州旅游中一段很差的经历，老板粗鲁无理，没说几句话就像要吵架一样。由于是旅游也就没理论一下，现在想起来真是倒霉怎么走进了这家餐馆，看起来也很不卫生。	
bbdbbdgou,http://www.dianping.com/member/33731673,10,口味：1.0 环境：1.0 服务：1.0,,2017-02-25 19:41,上菜特别慢，老板和服务员态度恶劣，用餐环境垃圾。	
浙西观察使,http://www.dianping.com/member/193155931,20,口味：2.0 环境：2.0 服务：2.0 人均：45元,,2017-02-18 14:09,来吃过好几次了，觉得不错，就带朋友来尝尝家常杭帮菜。结果去了之后朋友说环境太脏了，于是想用菜品来证明它。半个多小时没上菜，想要一壶开水服务员说去烧水。上来的油淋鸡没怎么熟，鸡皮也不够入味。整体显得很一般，实在有些失望。最后去结账了，开水也没烧好。。。	
谁还不是个小可怜呢,http://www.dianping.com/member/2598021,40,口味：4.0 环境：3.0 服务：4.0 人均：0元,,2017-02-15 23:27,个人钟爱的馆子，内容大于形式，更像小时候居民区地下的小饭馆。大肠总是要点，也值回票价，单为这大肠来一次也值得。虾油卤拼盘更像是下酒菜，猪耳脆，鸡肉嫩～蒸三鲜，肉丸很特别，是自制的吧…吴山脚下还是充满小时候味道的	
kekecan,http://www.dianping.com/member/33093560,40,口味：5.0 环境：3.0 服务：4.0 人均：60元,喜欢的菜： 油淋鸡,2017-02-08 12:58,环境非常一般的老底子餐厅，但是菜品非常惊艳；	
糯米饭与甜点,http://www.dianping.com/member/43481,50,口味：5.0 环境：2.0 服务：4.0,喜欢的菜： 脆皮大肠 蒸三鲜 酱肉冬笋蒸素鸡,2017-02-06 21:54,招牌菜试了几道，确实惊艳。从原料到烹制真能做到“家常”，可见所下功夫多不“寻常”。但外地人点菜最好让本地人“带带路”，否则摸不到门道。脆皮大肠，蒸三鲜，酱肉冬笋蒸素鸡，虾油鸡都值得五星推荐。可惜环境容易把人吓退，只有熟客才敢进去，微妙啊……	
一二三四五五五,http://www.dianping.com/member/6923426,20,口味：3.0 环境：2.0 服务：2.0,,2017-01-24 11:19,朋友之前对这家店的油淋鸡念念不忘，所以那天一起过来吃。不过之前也听说过这家店的油淋鸡味道不错。三点多的时候就到了，说四点才开门，又去银泰遛了一圈。店的环境很一般，油腻腻的。点菜也是自己写。招牌菜油淋鸡一股子臭豆腐的味道，估计是炸过臭豆腐的油又做了油淋鸡，味道没有记忆中的好了。卤鸭味道还可以。河虾比较新鲜，是和梅干菜一起烧高汤的。也算是拔草了。	
NBSJTMBZLB,http://www.dianping.com/member/84644562,50,口味：5.0 环境：3.0 服务：5.0 人均：60元,,2017-01-16 23:05,脆皮大肠口感很棒蘸料鲜香，虾油鸡肉质鲜美是三黄鸡，油淋鸡外皮酥脆下饭，每次来杭州都来吃	
bettykan,http://www.dianping.com/member/36420358,40,口味：4.0 环境：2.0 服务：3.0 人均：0元,,2017-01-15 16:15,看了推荐又看了评论，忐忑的去尝试了，做为小餐馆这么吃吃可以了。大肠一致好评，酱肉也不错，船丁鱼锅仔不是很入味，椒盐牛柳也不错，总体来说如果住得近，可以做为家常菜馆去吃吃，很远过去期望太大就会有落差。	
Teresa1616,http://www.dianping.com/member/41862037,50,口味：5.0 环境：4.0 服务：4.0 人均：0元,,2017-01-01 19:25,犹豫半天才点的红烧羊肉意外欢喜入味又软糯、见到别桌点的糖醋里脊味偏酸不是惊喜之作、臭豆腐炒毛豆好吃好好吃、瓦块鱼肉滑微辣是开胃之旅，用的是包头鱼做的份量十足、脆皮大肠真的软脆不留易味、赞老板处理的干净，这东西费时费力、在南方要用生粉与盐反复搓揉颇为耗时、水芹菜江南的食材可以点、南方称为香菜外形略有不同、呵呵还有油淋鸡、是皮脆有汁、应该是高温油急炸后淋上江南小葱，重点是酱汁调味、值得点点点。还点了个青瓜重口味下急需这物清清凉凉去去腻。	
木篱香,http://www.dianping.com/member/21770828,40,口味：4.0 环境：3.0 服务：3.0 人均：0元,喜欢的菜： 油淋鸡,2016-12-31 13:08,油淋鸡是招牌菜，果然好吃。我一般不吃鸡皮，但这家的鸡皮炸的有点酥脆，很香，也感觉不到鸡皮那种恶心的疙瘩。大肠味道也还行，但不够酥，皮还是软的。蒜泥菠菜咸了。菜量都挺足。米饭小碗两块钱觉得贵了。	
礼服蒙面侠,http://www.dianping.com/member/6696392,30,口味：3.0 环境：2.0 服务：2.0 人均：0元,,2016-12-30 10:30,惠民路吃面和小吃挺多，口味好一些的餐馆却不多，这家算附近人气比较好的了，来的客人也是本地人居多。总体口味还可以，不难吃，要说多好吃也没有，无功无过。糖里脊都是面粉，肉几乎是肉丁，不推荐。花蛤本来挺好吃的，但是有沙子。水芹菜很好吃。家常豆腐一般，略咸。总体就是不高兴烧饭又想随便吃点家常菜可以去，价格不是太贵，随便吃吃。	
愛哭的貓,http://www.dianping.com/member/107219,30,口味：3.0 环境：2.0 服务：3.0 人均：0元,,2016-12-29 13:33,还行吧，很多人推荐的杭帮菜，没有特别惊艳，性价比倒是挺高的	
happywjw,http://www.dianping.com/member/8051119,40,口味：5.0 环境：4.0 服务：4.0 人均：0元,,2016-12-20 13:03,非常地地道的杭州菜，虾油门腔，脆皮大肠，油淋鸡是招牌菜，口味不咸和淡，适合杭州人。船丁鱼锅仔很鲜，鱼很嫩，推荐。可以常来常吃的小店。	
半山大叔,http://www.dianping.com/member/57244225,40,口味：4.0 环境：3.0 服务：4.0 人均：0元,,2016-12-08 16:07,老杭州菜，满满的小时候味道，有特色	
k,http://www.dianping.com/member/25629073,10,口味：1.0 环境：1.0 服务：1.0 人均：0元,,2016-12-02 03:30,上公众号舌尖上杭州的当，估计这帮编辑全部瓜老二没杭州人口味！大肠量一点点味道不怎么样干瘪瘪的，油淋鸡的香味很奇怪，其他点的菜不伦不类，杭州菜做的量一般价格价格也偏高，没下次。真心不如随便找一家小区边上杭州人开的店好吃	
水墨黯然,http://www.dianping.com/member/38329237,50,口味：5.0 环境：4.0 服务：5.0 人均：0元,,2016-11-30 16:35,黑鱼两吃，水芹菜小炒，风肉豆干蒸笋干，两个人点不了多少，这几个菜都不错，尤其最后上的那个风肉，很杭州，像妈妈做的菜……可惜没吃到传说中的大肠，下次吧。价格也挺公道，一百十**，老板和善，印象不错，下次还会去。	
克力巧,http://www.dianping.com/member/2549310,30,口味：3.0 环境：3.0 服务：3.0 人均：0元,,2016-11-28 15:28,看到推荐今天去尝了一份大肠49/油淋鸡42/芹菜15！感觉是没有推荐的那么好，也没有一些点评说的那么差！饭前就问了一下碗筷怎么收费的！1.50一副正常价格！	
杭州楚天舒,http://www.dianping.com/member/115898971,40,口味：4.0 环境：3.0 服务：4.0,,2016-11-25 19:16,好久没来吃饭了。这里的名气也比以前大了很多，好多的推荐。点了四个菜，鹌鹑蛋的荷包蛋炒雪菜，油淋鸡，酱肉蒸豆腐，萝卜子排汤。前两个菜是这里的招牌菜，味道依然一如往昔，酱肉蒸豆腐是当下时令菜，也还说得过去，萝卜子排汤则大失所望，子排应该早就烧好的，临时加了萝卜进去，但没烧酥，太硬了。	
歪腿猫,http://www.dianping.com/member/3913786,40,口味：4.0 环境：3.0 服务：4.0,,2016-11-12 19:16,路过这家小店无数次从没进去过，这次是冲着红烧羊肉开的。78元一份，份量不少烧得很酥又不会烂得没型，底下的萝卜也好吃。三鲜汤超级咸，加了两次水。	
叶叶_905,http://www.dianping.com/member/52474270,40,口味：3.0 环境：3.0 服务：4.0 人均：60元,喜欢的菜： 油淋鸡,2016-11-01 23:53,杭州特色菜，值得一提的是油淋鸡比较有特色。	
孤星_4741,http://www.dianping.com/member/146318626,50,口味：5.0 环境：4.0 服务：4.0 人均：70元,,2016-10-27 14:11,看了微信上朋友的推荐特地去试一下，其实单位就在旁边，以前经常路过，因为人气一般，所以一直没有去尝试。这次点了5个菜，每一个味道都很杭州，很正，值得推荐，还会再去。	
emmasmama,http://www.dianping.com/member/110516954,40,口味：4.0 环境：4.0 服务：4.0 人均：0元,,2016-10-23 13:44,杭帮菜。点了特色鱼头等。卖相不算特别好.但味道真的不错。会再来	
匿名用户,匿名用户,10,口味：3.0 环境：1.0 服务：1.0 性价比：2.5 人均：0元,,2016-10-20   更新于2020-07-09 11:30,晚餐时间去，店里只二层只有一个服务员，自己倒茶水，自己写菜单，根本叫不到服务员。上菜速度太慢，大家几乎都在催，整个房间不通气，还有不少人吸烟，回去身上一股烟味。环境不舒服，餐具不干净，饭里有头发。也就价格比较便宜了	
钱塘江小妖,http://www.dianping.com/member/33917751,50,口味：5.0 环境：2.0 服务：2.0 人均：80元,喜欢的菜： 油淋鸡,2016-10-14 23:23,看到最近报纸上推荐的隐于市区的江湖小店，猛然想起了这家福缘居。门面不大，楼上楼下二层营业，谈不上啥装修，就是杭州老底子的那种饭店模样，很市井的感觉。我们点了脆皮大肠，油淋鸡，鱼锅和豆腐干炒水芹菜。菜量很足，满实在的，2个人吃到最后很撑了还剩下了很多。最喜欢的是脆皮大肠，处理得很干净，一点味儿都没有，外面炸得脆脆的，卤得也很入味，灰常好吃，是我吃过的最棒的大肠。鱼锅也很不错，汤汁鲜美，混合着淡淡的泡椒香味，鱼片很嫩，烹饪的火候掌握得正好。只可惜是草鱼，鱼刺比较多，吃得时候需要小心+耐心。油淋鸡的鸡肉也挺嫩的。如果你怀念老底子的味道，或者要领略本土杭帮菜的滋味，又对就餐环境并不讲究，这家福缘居是个很好的选择。	
小鹿纯子,http://www.dianping.com/member/131142561,50,口味：5.0 环境：3.0 服务：4.0 人均：0元,,2016-10-13 20:57,比较适合杭州人的口味，菜还是不错的	
可菲1672956864,http://www.dianping.com/member/24355567,50,口味：5.0 环境：4.0 服务：5.0 人均：0元,,2016-10-11 07:52,店面装修一般，但菜的味道还可以，卤大肠虽肥但一点都不腻	
小核桃妞妞,http://www.dianping.com/member/6999664,30,口味：4.0 环境：3.0 服务：4.0 人均：50元,,2016-10-07 12:35,开在惠民路上的一家餐饮店，老公看了某版的美食报道，约我们去尝尝，晚餐时间需要排队，门口塑料板凳上坐坐等叫号，二楼有两间房的座位，楼梯上去堆着不少塑料桶，影响环境。老板模样的人还算和气，服务员都是一脸严肃，其中有个中年大妈很搞笑，我们想再加一只汤，她很木讷地说：嗯！等等再说。然后管自己收拾桌子去了……桌子比较油，纸巾一擦黄黄一层，大肠已卖完，老公很失望！其他菜肴价格基本偏上，确实，如某吃货小朋友所说，每只盘子均有缺口。油淋鸡尚可，百合西芹实在不敢恭维，最后，那种包装好的餐具收1.5元每人！	
宓宓糖,http://www.dianping.com/member/10260904,40,口味：4.0 环境：3.0 服务：4.0 人均：0元,,2016-10-03 21:11,真是一次生意，色泽味道都没有电视台说的怎么好吃。	
ssboy123,http://www.dianping.com/member/2174915,10,口味：1.0 环境：1.0 服务：1.0 人均：0元,,2016-10-02 00:02,看了某平台推荐的软文过来吃的，那叫一个失望，真是丢杭州人的脸，吃饭的筷子用一下收费3元一双，难不成饭店吃饭用手抓？真是够奇葩的，迟早倒灶！	
是兔兔,http://www.dianping.com/member/14673169,40,口味：4.0 环境：2.0 服务：3.0 人均：0元,,2016-09-15 21:07,吃了一顿忘记拍照了。要了一个尖椒炒红烧肉吧，超超超级有味很很好吃。要了西湖醋鱼，真是不错。离南宋御街很进，好。	
画儿童画的葛老师,http://www.dianping.com/member/31932708,50,口味：5.0 环境：5.0 服务：5.0 人均：0元,,2016-08-26 22:58,老板很热情～服务也很不错～室内troi7修一般般～环境卫生还没可以～1楼2楼都有餐桌。特点：杭州的菜肴～保持杭州老早的口味～菜量可以～菜肴的味道很好！！应该说来杭州的逛吴山广场～逛河坊街～逛南宋御街，，，我建议在河坊街后面的惠民路上找这家店：(福缘居)这里的菜肴味道和价格比较实惠又美味！！	
ECHO_242,http://www.dianping.com/member/80628725,10,口味：1.0 环境：1.0 服务：1.0 人均：0元,,2016-08-17 20:47,黑店…黑店…黑店！！！！超差的一次用餐体验！菜难吃，老板还坑钱，坑我12元钱虽然是小钱，但生意不是这样做的！最看不惯老板这样贪便宜！今晚下班后没烧饭，就在小区门口的这家被媒体宣传很好的福缘居吃饭！两人：点了一份大盘骨39/水煮蛋18/笋干葫芦13/雪菜毛豆20/2碗米饭4元！我还在跟老公开玩笑说拿100元搞定，怎么算都没100，结果结账的时候老板问我们收106元，我们怎么算都不对，于是再看了下原菜单，算了算只有94！结果老板还说我，说他这里都这样的，都这么直接收费的！被我问反倒让他为难迷糊了！说一次性碗具要收费，我们解释我们没用，一开始我还以为他收错了，我说我们没用一次性杯具，我们只用了吃饭的筷，结果他竟然说，杯具没用不算，收的就是筷子费！他说光一双筷子也要收3元/双，这样2人用2双筷子就6元（从小到大从来没听过光一双筷子要收费的，头一次碰到奇葩店，平时吃饭的过客可能从没注意到这个黑店竟然这样坑），那好，另外的6元呢！他说菜涨了，葫芦要贵了/毛豆雪菜因为厨房有放笋干也贵了（葫芦是应季怎么会贵，另外笋干我可没要求加，厨房加菜加钱也不提前跟客户招呼的吗？也不问问客户愿否加，能否吃，这么可笑的店，贪小钱损大钱，这样的黑店早关门早安生，还传说老地道杭邦菜，丢杭州人的脸），鄙视！！鄙视！！	
梦儿,http://www.dianping.com/member/34953,20,口味：2.0 环境：2.0 服务：2.0 人均：42元,,2016-08-10 09:20,唉，叫我如何评价你！前段时间看了某平台的大力推送，脑残居然又一次相信了！只能怪自己做人太善良。回回中招，回回后悔。七夕情人节，约了单身汪的表妹去了这家店面不大的小饭店，因为离表妹家近，车可以停在表妹家小区里。到了饭店正值吃饭高峰，本来还怕要等位，结果一看上座率最多只有五成。而且仅指一楼，二层由于生意清淡完全不开放。因为2人，又不会喝酒，就点了他家的招牌菜，油淋鸡，我的天哪，那那能吃。鸡感觉是最便宜的冰鸡做的，上面淋的那个油最可恶，有一股难闻的怪味，反正我俩各吃了一块就没再动！皮儿荤素，杭帮菜，是用毛毛菜，发皮，豆腐皮卷加肉片（其实正宗做法应为肉圆）和木耳翻炒加芡的菜肴，本来中规中距的菜，由于盐放少了，真的淡而无味，失望！家常豆腐倒还入味，我俩也就用它下饭了。一次不愉快的消费，菜难吃，troi7菜的盘子全都是缺口，回来还无发现老板多收了我们6元钱，真坑人！如此经营不倒闭才怪！	
nicekit737144,http://www.dianping.com/member/30543963,50,口味：5.0 环境：5.0 服务：5.0,,2016-07-27 02:40,环境一般，比较地道的杭帮菜，。	
阿晓小小小,http://www.dianping.com/member/4215635,50,口味：5.0 环境：4.0 服务：5.0 人均：0元,,2016-07-23 01:28,不起眼的小店，在百度上搜到的当地小吃，离河坊街很近，不得不说油淋鸡和那个猪大肠非常好吃，有个豆腐羹也不错，名字都忘记了，老板也很客气，就是环境有待改善，总之挺满意的	
我爱张小宝她妈,http://www.dianping.com/member/3483168,30,口味：3.0 环境：3.0 服务：3.0 人均：25元,,2016-07-15 01:07,惠民路上找午饭，进了这家小店，点了酱爆茄子、肉沫蒸水蛋、菜卤豆腐还有两碗米饭，吃完继续赶路！	
Woodstock7,http://www.dianping.com/member/44891880,40,口味：4.0 环境：3.0 服务：3.0 人均：0元,,2016-07-10 19:10,油淋鸡好吃，本来以为冬瓜烩是大块的，后来发现是小的…	
田甜_9062,http://www.dianping.com/member/765883323,50,口味：5.0 环境：5.0 服务：5.0 人均：0元,,2016-07-09 11:37,我是特地去看电视台的美食节目，很偶然看到了这家老牌饭店，菜非常不错！特别招牌油淋鸡！鸡肉非常鲜嫩可口，入口即化！东坡肉也不错！宫宝鸡丁也很好吃，正宗老底子的家常的味道！老板为人也很客气！以后还会去光临！	
旺仔牛奶思密达,http://www.dianping.com/member/13279132,50,口味：5.0 环境：4.0 服务：5.0 人均：40元,喜欢的菜： 虾油猪舌 腊鲞蒸肉饼 卤鸭,2016-06-28 10:13,现在又好吃又有特色的老底子杭帮菜已经不过见了吧，无意中在逛吴山广场的时候走到了惠民路上，正是吃晚饭的时候，走进了一家不起眼的小店，叫“福缘居”，可能这就叫缘分吧，虽然是小店，但是五脏俱全，而且还有你没有吃过的菜，菜单上一应俱全，基本上以杭帮菜家常菜为主。看了一下价格非常的实惠，在如此好的地段，价格确实如此的实惠，可谓是薄利多销啊，基本上熟客居多，想必这家店有多好吃了吧。餐厅环境干净清爽，装修的也很平民化，二楼有大桌，稍微晚点去的话，有可能还是要排队等候就餐的。找了小桌坐下来，点了虾油鸡、酱爆茄子、糖醋里脊、腊鲞蒸肉饼、家常豆腐。虾油鸡，鸡肉鲜嫩无比，用熬制的特制虾油卤制而成，有点像小时候奶奶给我做的味道，很是怀念。酱爆茄子，酱汁浓郁，咸甜适中，很符合江南人的口感。糖醋里脊，肉多皮薄，真正的真材实料，配上秘制的糖醋汁，非常的开胃。腊鲞蒸肉饼，腊鲞是江南的一直腌制品，腌制完成然后晒干，接受不了这个味道的人觉得会很臭，但是对于我来说，这一道可是下饭菜，腊鲞香味扑鼻，口感略有偏咸，腊鲞本身已经很咸了，估计厨师没有浸泡抽水，导致腊鲞很咸，我们自己平常的做法会把腊鲞用清水浸泡半天，这样咸味稍微可以去除一点。家常豆腐，嫩豆腐裹了一层薄薄的外衣，加上青蒜木耳和酱汁的组合，非常的好吃，汤汁浓郁。店里还有很多的家常特色菜，赶紧去尝尝的，还有小巷子里面葱包烩也是超级好吃，也很正宗。还有吃完可以去逛一下中山南路，那里有一家现磨的酱，花生酱、芝麻酱、麻油等，真的超级好吃，每次去我都会去买一瓶。	
S这么胖怎么办,http://www.dianping.com/member/24955062,30,口味：3.0 环境：2.0 服务：2.0 人均：87元,,2016-06-01 15:09,快两点的时候去的，门口站着服务员问我几个人，我说一个，默默的被翻了下白眼……点了网上推荐的两个菜，油淋鸡和笋干河虾，油淋鸡推荐说鸡皮脆肉嫩不油，我吃起来鸡皮不脆肉老有点油……笋干河虾味道一般，笋干比较少，感觉干咸菜多，汤里夹着头发于是让换了一份，感觉第二份抱虾籽的少，虾也少了些，虾时价，今天15一两，3两起卖……最后结账多了些钱问了老板……最后退也少退了……建议：时价的东西问清楚价，买单的时候算算价，听老板说以前也多收过，看来数学不好ps：这是第一份虾照片，第二份自端上来明显少很多，服务员立马把第一份端走了，可惜我的第一份，真材实料那么多虾，第二份完全都是咸菜	
qingxincong,http://www.dianping.com/member/24598131,50,口味：5.0 环境：4.0 服务：4.0,,2016-05-25 00:23,店虽然不大，杭帮菜的味道还是很正宗的，干锅包菜很棒，很入味，鱼块一般，略清淡……	
jason糯米粥,http://www.dianping.com/member/811898753,40,口味：5.0 环境：4.0 服务：5.0,,2016-05-24 09:40,一家很不起眼的路边小店，若不是朋友推荐，我们肯定不会踏进去。但自从去光顾了一次以后，基本每隔一段时间都会去吃一顿。菜式说不上特别美味，但不重油重盐重味精。还有一些几乎绝迹的老杭州菜，比如油淋鸡。服务不算精致，但每个服务员态度也挺随和。	
Wain__S,http://www.dianping.com/member/46814981,50,口味：5.0 环境：5.0 服务：5.0 人均：70元,喜欢的菜： 油淋鸡 蒸米糕 香酥鸭,2016-05-22 16:26,闺蜜带我去吃的一家当地蛮出名的杭帮菜。店铺地方不是很大，颇有些当地小馆子的样子。位置应该靠近南宋御街，还是很容易找到的。个人大爱油淋鸡，臭豆腐和蒸米糕。当地特色的香酥鸭可能是因为点的菜都比较重口，所以略没有亮点。梅菜笋干炒鱿鱼还是蛮有意思的吃法…让海滨城市的我有点惊喜。值得大家去拔草哟！	
shiela6663,http://www.dianping.com/member/401952,40,口味：4.0 环境：4.0 服务：4.0 人均：40元,,2016-05-14 14:21,味道不错，性价比也高，菜量挺足的，菜式也多。牛柳比较嫩，很好吃。	
Schot,http://www.dianping.com/member/32068299,40,口味：4.0 环境：4.0 服务：5.0 人均：150元,喜欢的菜： 油淋鸡,2016-05-13 20:01,一人仨菜油淋鸡味不错喝了西湖啤酒	
熊本熊的熊,http://www.dianping.com/member/14395979,50,口味：5.0 环境：2.0 服务：5.0 人均：0元,喜欢的菜： 油淋鸡,2016-05-11 22:47,已经去了五六次了，油淋鸡的口味还是一如既往，受到同行吃货的一致好评。虾油肚条依然入味，分量缩水了不少，略有遗憾。四个人吃了九个菜，这战斗力说明一切，传统杭帮菜餐厅不多了，希望能一直经营下去。这大众点评非让我写100字的短评，那这次就算是做个广告好了	
大脚女青年,http://www.dianping.com/member/11375964,30,口味：3.0 环境：2.0 服务：2.0 人均：60元,喜欢的菜： 油淋鸡,2016-05-11 08:18,#油淋鸡#第一口被惊艳到，油过的恰到好处，外脆里嫩的很，份量也足，大爱；#大碗骨#则略一般，肉质有点老，不是很入味；#笋干丝瓜#很清爽；#拌臭豆腐#不爱，干巴又很寡味，竟然也要20元一份，不推荐。总体价格还实在，环境就那样，貌似外地人来吃的多。	
永丰库,http://www.dianping.com/member/756410422,40,口味：5.0 环境：3.0 服务：4.0,,2016-05-02 12:10,菜份量足，价格适中。吃了油淋鸡、杭州卷鸡、八宝油条，味道不错。店里很多都是常客，我应该会再去。	
luyanhua9966,http://www.dianping.com/member/3608592,30,口味：3.0 环境：2.0 服务：2.0,,2016-04-29 17:08,太坑了，环境又差，东西又不好吃，怎么上的推荐啊	
吴晓华_3222,http://www.dianping.com/member/182349110,40,口味：4.0 环境：3.0 服务：3.0,,2016-04-27 07:33,杭帮菜做得还好，但环境和服务真的很一般	
我很爱吃,http://www.dianping.com/member/50211,30,口味：4.0 环境：3.0 服务：3.0 人均：0元,,2016-04-25 20:01,在非常空的情况下，三个家常菜等了一个小时。其中一个在40分钟后被告知没有。老板态度是好的，就是服务得跟上啊！	
cyh615,http://www.dianping.com/member/41260564,40,口味：5.0 环境：5.0 服务：5.0 人均：0元,,2016-04-24 13:37,好吃看得见，虽然环境一般。以后还会来	
守素安常,http://www.dianping.com/member/23731857,50,口味：5.0 环境：5.0 服务：5.0,,2016-04-23 10:13,腰花很嫩骚味少。虾油拼盘很正宗。	
dpuser_8792532223,http://www.dianping.com/member/866632597,10,口味：2.0 环境：1.0 服务：1.0,,2016-04-19 10:39,环境不咋样，服务态度特别差，二楼的服务生根本不愿意理你，来了几个外地游客想尝尝杭州特色，不明白菜是啥样的，多问了几句直接被骂回去，菜特别咸，不管你用不用餐具都要收费，没见过钱一样，不知道为啥这么多人去吃	
嗷嗷的类,http://www.dianping.com/member/34795631,30,口味：3.0 环境：3.0 服务：3.0 人均：0元,,2016-04-12 11:23,感觉没以前好了，人气也不旺，东西的话马马虎虎	
fudanyi,http://www.dianping.com/member/15461809,40,口味：4.0 环境：3.0 服务：4.0 人均：0元,,2016-03-21 10:35,油淋鸡我爱吃，好久没来了，上菜很快！	
知啊更鸟,http://www.dianping.com/member/802196,50,口味：5.0 环境：4.0 服务：5.0 人均：0元,,2016-03-20 16:30,在单位旁边价格实惠的小餐馆油淋鸡是招牌好吃的别的小炒就是街边小馆的家常味道	
chokkk7,http://www.dianping.com/member/66014303,40,口味：5.0 环境：4.0 服务：4.0 人均：55元,,2016-02-26 21:59,老底子的味道环境嘛就不用太认真这种小餐馆都是这样的服务嘛也不用太在意吃菜就好招牌的油淋鸡真的好吃皮很脆鸡肉很嫩且入味不肥腻蘸着汁一起吃可以一口气吃三块其他没什么特别的就是老底子的杭帮菜味道算是不错的杭帮菜馆子	
月_9940,http://www.dianping.com/member/123200657,40,口味：4.0 环境：4.0 服务：4.0 人均：0元,,2016-02-01 12:50,老杭州的味道，牛肉煲超好吃，就是环境稍差了些。	
【已注销用户】,http://www.dianping.com/member/19781336,40,口味：5.0 环境：3.0 服务：3.0 人均：50元,喜欢的菜： 油淋鸡 西湖莼菜汤,2016-01-16 17:58,杭帮菜，很喜欢，味道很清淡，离河坊街又近。来杭州旅游首推啊	
weiwei不二,http://www.dianping.com/member/14074553,40,口味：4.0 环境：4.0 服务：4.0 人均：0元,,2016-01-09 17:27,杭州老字号人很多上菜很快！菠菜很好吃！	
画圈圈的小兔子,http://www.dianping.com/member/41790913,40,口味：4.0 环境：3.0 服务：3.0 人均：0元,,2016-01-02 22:23,经济实惠的小店，油琳鸡特别赞，每次必点，	
兔祖宗,http://www.dianping.com/member/56762236,40,口味：3.0 环境：4.0 服务：4.0 人均：0元,,2015-12-29 10:45,还是比较好找得靠近路边环境一般吧两层楼到了5点多一楼就坐满啦冲着油淋鸡去得老不过没有想像中那么好吃的啦也就感觉一般般铁盘蛏子也太咸了点吧…还以为是酱料那种所以吃了一点就没吃了蛋黄南瓜还不错拉满油满脆得感觉还不错还好吃吃服务员上菜速度还是比较快得拉过了没多久就全部上齐啦～菜得量还好比较适中不多不少点得糖醋里脊吃出了酸感没吃出甜感总体来说还是不错的比较地道拉	
晚风信子冷,http://www.dianping.com/member/2928810,50,口味：5.0 环境：4.0 服务：5.0 人均：0元,,2015-12-24 14:52,牛腩煲好吃，尤其推荐：菜头春笋，鮮极了	
冬来顺,http://www.dianping.com/member/2833271,40,口味：3.0 环境：3.0 服务：3.0,喜欢的菜： 油淋鸡,2015-11-21   更新于2015-11-22 13:09,这家店还是挺有特色的，都比较好吃，油淋鸡没有说的那么好，肉还是有点柴	
游客832192,http://www.dianping.com/member/757522583,50,口味：5.0 环境：4.0 服务：4.0 人均：0元,,2015-10-01 21:24,真的很感动！很久没找到这么良心的，靠功夫说话的菜馆了。受大家的推荐，品尝了完全惊喜的油泼鸡，赞！拌臭豆腐也赞。另外看到别的桌上点了香酥鸭和酱鸭，看起来也不错。总之发现良心好店，收藏！	
CiCi大本事,http://www.dianping.com/member/13050514,50,口味：5.0 环境：5.0 服务：5.0,,2015-09-02 16:47,几十年的老字号，是老底子的杭州面馆。面汤很好喝又清单，面很Q，喜欢他们家的白切鸡和素鸡，鸡爪，太好吃了哈哈	
快意生活郎,http://www.dianping.com/member/15299984,30,口味：4.0 环境：3.0 服务：3.0 人均：80元,,2015-08-09 16:44,小店有小店的优势，这家店有几个菜在外面确实不太容易吃到，比如油淋鸡、倒笃菜烧小荷包蛋，等等。口感还是不错的。	
cucha,http://www.dianping.com/member/24864102,50,口味：5.0 环境：5.0 服务：5.0 人均：47元,,2015-07-04 14:49,哈哈我的第三家，不错不错，油淋鸡很绝，小小的场地，每次都会有惊喜出现啊，今天雨天一人一饭，看书，惬意！	
雨辰_937,http://www.dianping.com/member/175265172,50,口味：5.0 环境：5.0 服务：4.0 人均：0元,喜欢的菜： 油淋鸡 西湖莼菜汤,2015-06-01 23:44,非常好吃。老杭州的味道。价格也比较公道。来到这里有非常浓郁的杭州的感觉。我想无论是外地人还是本地人都可以得到享受。这边环境谈不上高档，但是绝对干净。以后还会推荐亲戚朋友来这边吃。P.S.我们点了油淋鸡。非常好吃。令人感动的味道。	
杨小诚_yy,http://www.dianping.com/member/13012897,40,口味：4.0 环境：3.0 服务：4.0 人均：39元,,2015-02-13 11:30,他家其实是我经常路过但不怎么起眼的店吧就有一次是因为做推广，说他家有油淋鸡卖，这个是杭州老底子的菜，不过现在很少有店家做所以想尝尝看就去了油淋鸡，35米，其实是要经过高汤炖煮然后油炸再淋油的整个做法不算简单，但我觉得这个鸡没选好我不是很喜欢胸脯肉感脚很厚重的样子不是那样的肉的话其实这个做的还是很可以的点了山药黑木耳，15米，我觉得很有爸妈炒菜的味道，很地道的杭州口味，很清爽东坡肉，15米，肉质偏肥腻了一点点，但总体还算可以，尤其是肉皮的Q弹度来说还是不错千张1捆，6米，这个千张算我们这边的风味，也有开洋，很鲜2个人吃这些感脚还是很实惠荤菜的量也很大，店里人也不少，都是杭州人，看来都是老顾客的去的不算早，素以上菜也蛮快老板都是本地人	
794794mm,http://www.dianping.com/member/3660678,40,口味：4.0 环境：3.0 服务：3.0,,2014-09-09 02:21,troi7修过了，生意很旺。吃过多次。最近学习了4台“杭儿风”的报道，综合报道内容与吃过的数席，笔记如下：#虾油肚#、#虾油鸡#双拼，虾油出自台州，各位觉得很下酒。#油淋鸡#，鸡是三斤左右产自宁海的镇宁土鸡，皮脆肉嫩。#招牌瓦块鱼#，富春江水库鱼。#爆腌菜炒鹌鹑荷包蛋#要提前准备小白菜手捏，压一个晚上；鹌鹑荷包蛋油锅中30秒成形一个，是道工夫菜。#蒸三鲜#（也可以叫#蒸什锦#）是浙江口味的盆菜，蔬菜打底，肉皮、木耳夹中间，上层是蛋饺、鸡肉、鹌鹑蛋、河虾，有荤有素，口重可点酱油或辣酱。馆子专用龙游产菜籽油，一年收一千斤。馆子一天用30只镇宁土鸡，处处以鸡汤入菜，味精过敏的客人可放心。老板还有私藏土烧，和老板深交了才要得到哦。席间还学了句老杭州话：”生鲜熟补，老的香；生鲜熟补，焦的香。”	
安知鱼未忆1,http://www.dianping.com/member/46753162,20,口味：3.0 环境：2.0 服务：1.0 人均：32元,,2014-08-24 12:19,菜的味道还可以，但是服务真的不敢恭维，每次都要喊好几遍服务员，才会来理你。	
八剑客,http://www.dianping.com/member/4441843,30,口味：3.0 环境：3.0 服务：3.0,,2014-07-29 22:40,这家在惠民路上的店感觉还是有点偏的，离湖滨有好大一段路，距离南宋御姐和河坊街也不近，一般客户都是周围居民和附近公司职员；周边都是住宅区，应该算是一个家常菜饭馆吧。但是店面倒是蛮大的，有两层。一楼偏小，几桌散座，二楼是散座和两个大包厢，两个大包厢之间可以连通的。店家养了两只小猫，偶尔会来包厢里面串门一下。我是感觉无所谓的，不过对于一些怕猫的女生来说不是很好，加上有猫，可能会有毛发之类的不太干净和卫生，希望店家能注意一下。一楼有两个洗手间，不算很干净也不算脏，加上没有臭味，对于普通菜馆来说已经非常好了。服务员倒是蛮周到的，大概是因为大伙儿做包厢吃的关系吧，服务比较殷勤，上菜速度很快，收盘麻利，基本都能随叫随到。菜品方面就是普通家常菜，总体来说还是很实惠的，算是价廉物美型的餐馆，很合适聚餐。厨师应该是本地人，麻利的烧的一手杭帮菜【感觉比我们食堂的小伙子大厨要好上不少，哈哈】。铁板牛仔排算是最合心意的一道菜，牛肉比较滑嫩；此外各种鸡鸭鱼肉等肉菜还都是烧的蛮入味的，蔬菜方面比较新鲜，杭三鲜不错，鱼丸应该是当天在菜场大妈那儿买的，色泽嫩白不泛黄，总算不是隔夜货，不错！总的来说还是比较适合同事聚餐或者家庭小搓一顿的馆子。	
不懂也要董,http://www.dianping.com/member/43658948,20,口味：3.0 环境：3.0 服务：3.0 人均：45元,,2014-07-06 15:10,第一天到杭州，本来要去外婆家吃，有点远，就随便找到了这家，真心讲味道一般，一个叫花鸡58元，味道很一般。等我回到酒店路过一家很有特色的店，叫花鸡38元。郁闷中。。。。。	
爱贪吃的娃,http://www.dianping.com/member/36189323,20,口味：2.0 环境：3.0 服务：3.0,,2014-05-14 22:26,这家店是刚去那上班的第一天去吃的，同学请客，哈哈，但是味道真心一般，不太还吃啊，没有想去第二次的想法	
J.X,http://www.dianping.com/member/5737337,30,口味：3.0 环境：3.0 服务：3.0 人均：0元,,2014-05-01 08:52,味道不错，还算干净，价格实惠，但是菜口感略油，毛笋一般，黄鱼脯和萝卜排骨汤不错。	
Alicert_12,http://www.dianping.com/member/306633,40,口味：3.0 环境：2.0 服务：2.0 人均：48元,,2012-01-08 12:33,算是惠民路上比较干净的店了，杭帮菜比较清单，还有一些时令的菜色，价格也还算便宜。上汤金针菇，咸肉炖毛笋干不错。	
ssdfdfdgf,http://www.dianping.com/member/3262217,30,口味：2.0 环境：2.0 服务：2.0 人均：35元,,2011-08-09 23:18,逛街实在走的太累，随便找了一家吃饭。特色菜火腿炖笋干，没吃出啥好味道。千张包肉炖粉丝，肉馅不新鲜了，可以吃出味道来。鱼香肉丝做的倒是中规中矩，挺下饭的。客人很多，环境比较破旧，价格不算贵，填肚子的话，还算是不错的	
zzhsunday,http://www.dianping.com/member/3692868,30,口味：3.0 环境：2.0 服务：2.0 人均：32元,推荐菜： 钱江肉丝,2011-06-15 22:48,价位很实惠，味道也有保证因为离单位近，是午餐经常光顾的地方店面在惠民路上已经算比较大的了中午有时候还要等位子类菜式基本都是普通杭帮菜推荐钱江肉丝和金针菇肥牛煲但是服务很一般，服务员爱理不理和百都属于同类型餐厅	
louwentao,http://www.dianping.com/member/2041819,30,口味：2.0 环境：1.0 服务：2.0,,2011-06-02 00:23,环境真的不咋地，椅子很破旧了。为什么都要用塑料纸包着的消毒碗，觉得很不环保。菜一般般吧，稍稍偏咸，而且量很少，感觉不太合算。算是为最近的事情结束一个阶段吧。	
compass12,http://www.dianping.com/member/1759675,30,口味：2.0 环境：2.0 服务：2.0 人均：50元,推荐菜： 凉菜,2010-12-06 19:40,逛河坊街时，下了大雨，这几年来，还头一回淋这么大的雨，水透了半身，饥寒交迫，避雨避进来吃饭的。点了西湖醋鱼，第一次吃，也说不上好不好吃，就是图它是杭州特色名食，吃个新鲜；有个凉菜带芒果的，冰镇的，不错。还有两个肉的，味道较淡。上菜较慢。	
小灰wl,http://www.dianping.com/member/6053805,30,口味：2.0 环境：2.0 服务：2.0 人均：20元,,2010-08-31 15:58,菜式比较多，但都是家常菜，因为人比较多而显得杂乱，感觉就像是路边的快餐店了。菜的味道一般，就是普通杭州菜的味道。	
淘气阿丹,http://www.dianping.com/member/184679,30,口味：2.0 环境：2.0 服务：2.0 人均：30元,,2010-02-01 18:23,地方虽小，生意很好，比较实惠，住附近的来吃的还挺多的桌子小了点，四个人吃有点挤；上菜速度还算快的，菜一般，偏咸铁板营养豆腐，还以为日本豆腐是油炸过的，原来就是加了个生鸡蛋，放点菇而已，很普通红烧羊肉很酥烂，很入味，但都是个酱油，MS没放糖，咸的来，颜色也差了点蛋黄山药，模仿不是很成功，白白的山药上稀稀拉拉的粘着点蛋黄梅干菜蒸河虾，现在的河虾都比较小，但还是挺鲜的，但梅干菜的味道没蒸出来，猪油放太多千张粉丝煲，是实在的一大锅	
lestree,http://www.dianping.com/member/2550246,40,口味：4.0 环境：3.0 服务：4.0 人均：35元,推荐菜： 家常豆腐 糖醋里脊,2009-12-12 01:08,幸福感是可以传染的东西如果全球是幸福流感大爆发该多妙莲芳还是柔软的人儿杭州还是漂亮的城这家餐馆如此不起眼却是幸福感浓厚得令人怀念上菜速度跟变魔术似的三鲜汤够清爽开胃家常豆腐小辣味道好糖醋里脊醇美是莲芳心爱再配甜丝丝青瓜，呼~不远有和茶馆，下次蒸蛋点心去~	
