区域,成都,餐饮类型,生日蛋糕,店铺id,976760956,店铺名称,悦己烘焙体验馆,经度,103.826812,纬度,30.671035
区域,成都,餐饮类型,生日蛋糕,店铺id,40059709,店铺名称,麦田坊蛋糕 （犀浦店）,经度,103.960267,纬度,30.756995
区域,成都,餐饮类型,生日蛋糕,店铺id,2429097,店铺名称,喜来蛋糕店（大石西路店）,经度,104.033276,纬度,30.650764
区域,成都,餐饮类型,火锅,店铺id,117637319,店铺名称,大龙燚火锅（太古里店）,经度,104.080641,纬度,30.650835
区域,成都,餐饮类型,生日蛋糕,店铺id,4359063,店铺名称,玛琪琳蛋糕面包（净居寺总店）,经度,104.106385,纬度,30.620255
区域,成都,餐饮类型,自助餐,店铺id,5627214,店铺名称,三国烤肉（优品道广场店）,经度,103.912198,纬度,30.595181
区域,成都,餐饮类型,火锅,店铺id,3245455,店铺名称,大龙燚火锅（玉林总店）,经度,104.058789,纬度,30.620293
区域,成都,餐饮类型,火锅,店铺id,59284,店铺名称,川江滋香老火锅（星科店）,经度,104.051302,纬度,30.706445
区域,成都,餐饮类型,生日蛋糕,店铺id,6021458,店铺名称,木子蛋糕工作室,经度,103.922563,纬度,30.565297
区域,成都,餐饮类型,火锅,店铺id,1372755926,店铺名称,寻城都麻辣烫,经度,104.170768,纬度,30.820779
区域,成都,餐饮类型,生日蛋糕,店铺id,4586632,店铺名称,卡麦斯烘培,经度,104.025729,纬度,30.672937
区域,成都,餐饮类型,火锅,店铺id,4044593,店铺名称,青柠记忆泰式海鲜火锅（金牛万达广场店）,经度,104.074855,纬度,30.68721
区域,成都,餐饮类型,火锅,店铺id,1986669109,店铺名称,玉女山生态庄园火锅,经度,104.063393,纬度,30.830993
区域,成都,餐饮类型,饮品店,店铺id,4103982,店铺名称,青春派,经度,104.174086,纬度,30.700996
区域,成都,餐饮类型,生日蛋糕,店铺id,2503729,店铺名称,家家饼屋（营门口店）,经度,104.037093,纬度,30.688608
区域,成都,餐饮类型,火锅,店铺id,91823502,店铺名称,城门口老火锅（中航店）,经度,104.061626,纬度,30.577604
区域,成都,餐饮类型,火锅,店铺id,5298775,店铺名称,蜀国飘香火锅酒楼（奥克斯店）,经度,104.062413,纬度,30.576643
区域,成都,餐饮类型,生日蛋糕,店铺id,4089919,店铺名称,麦香园（财大店）,经度,103.826966,纬度,30.68302
区域,成都,餐饮类型,小吃快餐,店铺id,4341088,店铺名称,丁太婆老妈蹄花（人民公园总店）,经度,104.06051,纬度,30.656998
区域,新津县,餐饮类型,火锅,店铺id,41404719,店铺名称,牛魔王清汤黄牛肉（新津店）,经度,103.81684,纬度,30.419669
区域,成都,餐饮类型,生日蛋糕,店铺id,42895131,店铺名称,麦哆哆蛋糕（春熙路店）,经度,104.079519,纬度,30.652778
区域,成都,餐饮类型,生日蛋糕,店铺id,193808540,店铺名称,小薄荷动物奶油生日蛋糕（龙泉店）,经度,104.192279,纬度,30.577213
区域,成都,餐饮类型,生日蛋糕,店铺id,5358640,店铺名称,大嘴巴蛋糕（常乐店）,经度,103.981575,纬度,30.578026
区域,成都,餐饮类型,生日蛋糕,店铺id,5189024,店铺名称,艾薇儿蛋糕（双庆路总店）,经度,104.117462,纬度,30.652673
区域,成都,餐饮类型,饮品店,店铺id,1433367326,店铺名称,冰语星愿（鑫苑鑫都汇店）,经度,104.035295,纬度,30.48112
区域,成都,餐饮类型,火锅,店铺id,4271055,店铺名称,雅府正红木桶鱼（杨柳河店）,经度,103.831391,纬度,30.684521
区域,成都,餐饮类型,生日蛋糕,店铺id,41494013,店铺名称,爱尚烘焙（水碾河店）,经度,104.095044,纬度,30.64882
区域,成都,餐饮类型,烧烤烤串,店铺id,6702150,店铺名称,陈氏碳香烧烤（华阳总店）,经度,104.063727,纬度,30.514469
区域,成都,餐饮类型,火锅,店铺id,1394792,店铺名称,绝城芋儿鸡（犀浦旗舰店）,经度,103.96298,纬度,30.75473
区域,成都,餐饮类型,小吃快餐,店铺id,41996636,店铺名称,过桥郎米线（蛟龙港店）,经度,103.908449,纬度,30.603649
区域,成都,餐饮类型,生日蛋糕,店铺id,193808540,店铺名称,小薄荷动物奶油生日蛋糕（龙泉店）,经度,104.192279,纬度,30.577213
区域,成都,餐饮类型,自助餐,店铺id,1802777,店铺名称,芭菲盛宴·环球美食（奥克斯广场店）,经度,104.060747,纬度,30.576364
区域,成都,餐饮类型,川湘菜,店铺id,6178057,店铺名称,大蓉和（天府店）,经度,104.066812,纬度,30.547247
区域,成都,餐饮类型,饮品店,店铺id,1433367326,店铺名称,冰语星愿（鑫苑鑫都汇店）,经度,104.035295,纬度,30.48112
区域,成都,餐饮类型,火锅,店铺id,5048501,店铺名称,高记生鱼（河滨映像店）,经度,104.08527,纬度,30.622184
区域,成都,餐饮类型,香锅烤鱼,店铺id,40032496,店铺名称,坝坝老柴房,经度,103.973211,纬度,30.566726
区域,成都,餐饮类型,烧烤烤串,店铺id,6702150,店铺名称,陈氏碳香烧烤（华阳总店）,经度,104.063727,纬度,30.514469
区域,成都,餐饮类型,川湘菜,店铺id,771963,店铺名称,蓉记香辣蟹爬爬虾（宽窄巷子店）,经度,104.04813,纬度,30.666899
区域,成都,餐饮类型,火锅,店铺id,40150941,店铺名称,清真·牛不比火锅（营门口店）,经度,104.043647,纬度,30.683802
区域,成都,餐饮类型,生日蛋糕,店铺id,1686055181,店铺名称,妙蕾DIY蛋糕（青羊区中坝店）,经度,103.961543,纬度,30.672075
区域,成都,餐饮类型,火锅,店铺id,40679868,店铺名称,蜀宗袍哥人家老火锅（春熙路店）,经度,104.084744,纬度,30.649139
区域,成都,餐饮类型,火锅,店铺id,41881123,店铺名称,东坡养身肴（龙湖时代天街店）,经度,103.920336,纬度,30.751656
区域,成都,餐饮类型,中式烧烤/烤串,店铺id,195242717,店铺名称,蚝英雄·自助烤蚝（金沙店）,经度,103.998662,纬度,30.676186
区域,成都,餐饮类型,日本菜,店铺id,41134805,店铺名称,一洋刺身（建设路店）,经度,104.103111,纬度,30.670961
区域,成都,餐饮类型,火锅,店铺id,4576874,店铺名称,家宴山珍菌汤馆,经度,104.034658,纬度,30.640569
区域,成都,餐饮类型,火锅,店铺id,773025,店铺名称,山城风串串王（建设路总店）,经度,104.102937,纬度,30.671587
区域,成都,餐饮类型,火锅,店铺id,767455,店铺名称,愚头记（沙湾店）,经度,104.051949,纬度,30.688229
区域,成都,餐饮类型,川湘菜,店铺id,5474837,店铺名称,柴火土灶（龙泉店）,经度,104.2722,纬度,30.5465
区域,成都,餐饮类型,饮品店,店铺id,1433367326,店铺名称,冰语星愿（鑫苑鑫都汇店）,经度,104.035295,纬度,30.48112
区域,成都,餐饮类型,生日蛋糕,店铺id,5137608,店铺名称,芙森蛋糕（静居寺店）,经度,104.101669,纬度,30.62629
区域,成都,餐饮类型,火锅,店铺id,773223,店铺名称,老朋友烧鸡公乌江鱼,经度,104.180504,纬度,30.819394
区域,成都,餐饮类型,西餐,店铺id,168853775,店铺名称,原乡漫生活咖啡牛排馆,经度,103.901419,纬度,30.557103
区域,成都,餐饮类型,火锅,店铺id,6870858,店铺名称,老寨子火锅（罗兰小镇店）,经度,104.13479,纬度,30.67491
区域,成都,餐饮类型,自助餐,店铺id,40321800,店铺名称,比格比萨（SM店）,经度,104.111823,纬度,30.668376
区域,成都,餐饮类型,烧烤烤串,店铺id,6702150,店铺名称,陈氏碳香烧烤（华阳总店）,经度,104.063727,纬度,30.514469
区域,成都,餐饮类型,烧烤烤串,店铺id,6474637,店铺名称,三国炙烤肉（时代天街店）,经度,103.9215,纬度,30.7512
区域,成都,餐饮类型,川湘菜,店铺id,773093,店铺名称,红杏酒家（锦华店）,经度,104.09764,纬度,30.621094
区域,成都,餐饮类型,生日蛋糕,店铺id,1686055181,店铺名称,妙蕾DIY蛋糕（青羊区中坝店）,经度,103.961543,纬度,30.672075
区域,成都,餐饮类型,生日蛋糕,店铺id,6082650,店铺名称,爱思客幸福秘方蛋糕（韩国城店）,经度,104.009459,纬度,30.569119
区域,成都,餐饮类型,香锅烤鱼,店铺id,6261216,店铺名称,韩氏味江烤鱼干锅馆（香榭美邻店）,经度,103.917448,纬度,30.592761
区域,成都,餐饮类型,火锅,店铺id,159414893,店铺名称,蛙鱼道美蛙河鲜自助火锅（新耍都店）,经度,103.970918,纬度,30.644434
区域,成都,餐饮类型,火锅,店铺id,2529601,店铺名称,红景地火锅（解放西路店）,经度,104.0823,纬度,30.686688
区域,新津县,餐饮类型,火锅,店铺id,768975,店铺名称,津惠豆捞（新津店）,经度,103.820148,纬度,30.413968
区域,成都,餐饮类型,小龙虾,店铺id,40463765,店铺名称,张太婆老妈蹄花（太古里总店）,经度,104.079569,纬度,30.649087
区域,成都,餐饮类型,生日蛋糕,店铺id,6687159,店铺名称,Love me生日蛋糕DIY烘焙店（银泰城店）,经度,104.058125,纬度,30.541015
区域,成都,餐饮类型,火锅,店铺id,1800985,店铺名称,城门口老火锅（长寿路店）,经度,104.073751,纬度,30.611984
区域,成都,餐饮类型,饮品店,店铺id,513643960,店铺名称,冠茶（青羊总店）,经度,103.963706,纬度,30.670675
区域,成都,餐饮类型,火锅,店铺id,1796587,店铺名称,胡记串串香（星辉店）,经度,104.084338,纬度,30.674008
区域,成都,餐饮类型,火锅,店铺id,5260465,店铺名称,养牛圈知青牛肉（武侯立交总店）,经度,103.9992,纬度,30.632035
区域,成都,餐饮类型,川湘菜,店铺id,177636394,店铺名称,牛水煮·麻辣水煮牛肉（天府三街旗舰店）,经度,104.0665,纬度,30.54628
区域,成都,餐饮类型,火锅,店铺id,42118375,店铺名称,陈玲芋儿鸡（红瓦寺店）,经度,104.081957,纬度,30.636718
区域,成都,餐饮类型,日韩料理,店铺id,5336110,店铺名称,木槿屋韩国料理,经度,104.057745,纬度,30.623847
区域,成都,餐饮类型,中式烧烤/烤串,店铺id,672907308,店铺名称,西昌老号李小肠特色烧烤园直营店（清水河店）,经度,103.986992,纬度,30.65814
区域,成都,餐饮类型,自助餐,店铺id,6816903,店铺名称,单多国际美食盛宴（太古里店）,经度,104.08208,纬度,30.651386
区域,成都,餐饮类型,火锅,店铺id,5326540,店铺名称,铜人李火锅（人民公园店）,经度,104.055689,纬度,30.659475
区域,新津县,餐饮类型,香锅烤鱼,店铺id,1890703701,店铺名称,巴山妹纸上烤鱼,经度,103.815249,纬度,30.418736
区域,成都,餐饮类型,烧烤烤串,店铺id,6425985,店铺名称,第一烤场牛排海鲜自助烤肉（玉林店）,经度,104.054157,纬度,30.63053
区域,成都,餐饮类型,火锅,店铺id,3262221,店铺名称,泼辣芋儿鸡（玉林店）,经度,104.057786,纬度,30.624162
区域,成都,餐饮类型,西餐,店铺id,175494421,店铺名称,布拉诺意大利餐厅（SM广场店）,经度,104.111675,纬度,30.668497
区域,彭州,餐饮类型,小吃快餐,店铺id,5711944,店铺名称,川乡基（西华大学店）,经度,103.941443,纬度,30.978145
区域,成都,餐饮类型,日韩料理,店铺id,42952745,店铺名称,欧巴,经度,104.00907,纬度,30.56842
区域,成都,餐饮类型,火锅,店铺id,900899901,店铺名称,重口味•重庆老火锅,经度,104.05653,纬度,30.556939
区域,成都,餐饮类型,川湘菜,店铺id,42382373,店铺名称,独家村土菜馆,经度,104.070949,纬度,30.665543
区域,成都,餐饮类型,自助餐,店铺id,2469682,店铺名称,爱客得海鲜自助烤肉·涮涮锅（春熙路店）,经度,104.077263,纬度,30.6568
区域,成都,餐饮类型,特色菜,店铺id,602416394,店铺名称,埃米概念餐厅,经度,103.928733,纬度,30.582505
区域,成都,餐饮类型,川湘菜,店铺id,4401073,店铺名称,卞氏菜根香（华润二十四城店）,经度,104.117873,纬度,30.645372
区域,成都,餐饮类型,小龙虾,店铺id,42888472,店铺名称,阳光院坝小龙虾（九眼桥店）,经度,104.08741,纬度,30.638576
区域,成都,餐饮类型,西餐,店铺id,1798186525,店铺名称,法国西南·景原乡花园餐厅,经度,104.046271,纬度,30.495044
区域,成都,餐饮类型,香锅烤鱼,店铺id,4693888,店铺名称,寻味烤鱼,经度,103.920821,纬度,30.751389
区域,成都,餐饮类型,小吃快餐,店铺id,50088045,店铺名称,香街坊冒菜（财大店）,经度,103.829161,纬度,30.681186
区域,成都,餐饮类型,特色菜,店铺id,178677334,店铺名称,南荟里,经度,104.094478,纬度,30.612067
区域,成都,餐饮类型,生日蛋糕,店铺id,2733315,店铺名称,loeve蛋糕（红光店）,经度,103.9477,纬度,30.77983
区域,成都,餐饮类型,火锅,店铺id,1802128,店铺名称,绝城芋儿鸡（红枫岭店）,经度,104.126161,纬度,30.671392
区域,成都,餐饮类型,川湘菜,店铺id,599976646,店铺名称,鸿运港中餐·烧烤冷淡杯（解放路店）,经度,104.082753,纬度,30.680849
区域,成都,餐饮类型,川湘菜,店铺id,2425171,店铺名称,川聚缘酒家,经度,104.13277,纬度,30.60805
区域,成都,餐饮类型,火锅,店铺id,6436830,店铺名称,隆昌一绝红烧鸭（红光店）,经度,103.94627,纬度,30.77703
区域,成都,餐饮类型,小吃快餐,店铺id,575025289,店铺名称,耿歡喜剁椒拌饭公司（建设路店）,经度,104.10368,纬度,30.67163
区域,成都,餐饮类型,生日蛋糕,店铺id,6921357,店铺名称,亨利蛋糕,经度,103.920964,纬度,30.573142
区域,成都,餐饮类型,生日蛋糕,店铺id,42050336,店铺名称,甜蜜时光蛋糕烘焙馆（春熙路店）,经度,104.079989,纬度,30.65219
区域,成都,餐饮类型,火锅,店铺id,5670814,店铺名称,幺妹串串香（万兴街总店）,经度,104.121513,纬度,30.652899
区域,成都,餐饮类型,火锅,店铺id,768141,店铺名称,皇城老妈（皇城店）,经度,104.052401,纬度,30.62166
区域,成都,餐饮类型,日韩料理,店铺id,42695167,店铺名称,李本家韩国料理（玉林生活广场店）,经度,104.057736,纬度,30.620443
区域,成都,餐饮类型,自助餐,店铺id,152782375,店铺名称,阳光岛·海鲜盛宴,经度,104.070531,纬度,30.584755
区域,成都,餐饮类型,小吃快餐,店铺id,2506778,店铺名称,壹品粥道（金牛万达广场店）,经度,104.074167,纬度,30.687482
区域,成都,餐饮类型,香锅烤鱼,店铺id,42837289,店铺名称,万州炭烤活鱼,经度,103.912928,纬度,30.6046
区域,成都,餐饮类型,火锅,店铺id,1405855966,店铺名称,吾善研味火锅铺（华阳店）,经度,104.029647,纬度,30.492477
区域,成都,餐饮类型,火锅,店铺id,2469072,店铺名称,土家山珍,经度,104.15061,纬度,30.80605
区域,成都,餐饮类型,自助餐,店铺id,1796590,店铺名称,339旋转餐厅,经度,104.094563,纬度,30.662295
区域,新津县,餐饮类型,香锅烤鱼,店铺id,1890703701,店铺名称,巴山妹纸上烤鱼,经度,103.815249,纬度,30.418736
区域,成都,餐饮类型,火锅,店铺id,772313,店铺名称,徐妹串串香·现炒串串（春熙路一店）,经度,104.07675,纬度,30.65683
区域,都江堰,餐饮类型,火锅,店铺id,6715416,店铺名称,鑫御隆斑鱼庄（都江堰店）,经度,103.64144,纬度,30.9935
区域,成都,餐饮类型,川湘菜,店铺id,1483833,店铺名称,情妹妹·干锅锅（西安中路店）,经度,104.048315,纬度,30.667695
区域,成都,餐饮类型,香锅烤鱼,店铺id,773090,店铺名称,三江烤鱼,经度,104.061785,纬度,30.635721
区域,成都,餐饮类型,火锅,店铺id,4160697,店铺名称,霜霜鱼府（红光店）,经度,103.951885,纬度,30.785832
区域,成都,餐饮类型,火锅,店铺id,900899901,店铺名称,重口味•重庆老火锅,经度,104.05653,纬度,30.556939
区域,成都,餐饮类型,火锅,店铺id,6652716,店铺名称,佘记全家福芋儿鸡（老码头店）,经度,104.069046,纬度,30.504787
区域,成都,餐饮类型,火锅,店铺id,5648681,店铺名称,顺风景庐港式肥牛（体育赛事中心店）,经度,103.908135,纬度,30.574757
区域,成都,餐饮类型,火锅,店铺id,186707652,店铺名称,鱼蛙轩,经度,104.064733,纬度,30.671178
区域,成都,餐饮类型,火锅,店铺id,5734344,店铺名称,妙厨老爹泉水蒸汽石锅鱼（郫县和平街店）,经度,103.8907,纬度,30.80322
区域,成都,餐饮类型,火锅,店铺id,5470416,店铺名称,锦城大院火锅（总店）,经度,104.05099,纬度,30.601097
区域,简阳,餐饮类型,火锅,店铺id,690624218,店铺名称,鸿社耙土豆火锅•美蛙,经度,104.552868,纬度,30.39423
区域,成都,餐饮类型,川湘菜,店铺id,4853484,店铺名称,回味居土菜馆,经度,104.049179,纬度,30.636004
区域,成都,餐饮类型,生日蛋糕,店铺id,4365433,店铺名称,梦园糕点,经度,104.05633,纬度,30.766296
区域,成都,餐饮类型,火锅,店铺id,1122957428,店铺名称,巴国龙鼎老火锅（339店）,经度,104.09791,纬度,30.66464
区域,成都,餐饮类型,烧烤烤串,店铺id,52271057,店铺名称,西昌风情火盆烧烤（新都店）,经度,104.196532,纬度,30.804506
区域,成都,餐饮类型,川湘菜,店铺id,1804152,店铺名称,成都田园印象（华阳直营店）,经度,104.051012,纬度,30.521753
区域,成都,餐饮类型,火锅,店铺id,183955445,店铺名称,匠岳·王宝器麻椒鱼（龙泉店）,经度,104.27698,纬度,30.559863
区域,新津县,餐饮类型,火锅,店铺id,42197445,店铺名称,天麻板栗鸡（新津店）,经度,103.820663,纬度,30.419201
区域,成都,餐饮类型,香锅烤鱼,店铺id,2709052,店铺名称,缤纷烤鱼,经度,104.176755,纬度,30.803764
区域,成都,餐饮类型,火锅,店铺id,187989127,店铺名称,蜀江龙火锅（宽窄巷子店）,经度,104.048251,纬度,30.669694
区域,成都,餐饮类型,火锅,店铺id,42021334,店铺名称,园艺柴坊柴火鸡,经度,103.993733,纬度,30.712116
区域,成都,餐饮类型,火锅,店铺id,6913592,店铺名称,臻口福三汁焖锅·有一天你会来吃（香槟广场店）,经度,104.07942,纬度,30.652351
区域,彭州,餐饮类型,火锅,店铺id,894117329,店铺名称,集渔·泰式海鲜火锅（彭州店）,经度,103.944813,纬度,30.9825
区域,成都,餐饮类型,小龙虾,店铺id,6821482,店铺名称,红钳邦龙虾馆,经度,104.056531,纬度,30.646245
区域,成都,餐饮类型,火锅,店铺id,4410525,店铺名称,廖老四乡村故事主题火锅,经度,104.099117,纬度,30.643459
区域,都江堰,餐饮类型,川湘菜,店铺id,193389706,店铺名称,青城菜馆,经度,103.595682,纬度,30.899252
区域,成都,餐饮类型,火锅,店铺id,42934737,店铺名称,草根串串（万兴店）,经度,104.12049,纬度,30.652542
区域,成都,餐饮类型,火锅,店铺id,42395338,店铺名称,巴蜀印象火锅（永陵总店）,经度,104.043937,纬度,30.674538
区域,成都,餐饮类型,特色菜,店铺id,192492912,店铺名称,農夫问道生态能量餐吧（日月大道店）,经度,103.96456,纬度,30.6756
区域,成都,餐饮类型,自助餐,店铺id,6558996,店铺名称,上井精致料理（IFS国金中心店）,经度,104.081272,纬度,30.65496
区域,成都,餐饮类型,香锅烤鱼,店铺id,4941035,店铺名称,万州烤鱼（高升桥店）,经度,104.043504,纬度,30.638562
区域,成都,餐饮类型,中式烧烤/烤串,店铺id,194436395,店铺名称,聚点小豆腐·深夜烤肉,经度,104.098438,纬度,30.648999
区域,成都,餐饮类型,火锅,店铺id,41125833,店铺名称,城都骉骉火锅精品总店,经度,104.079605,纬度,30.665145
区域,成都,餐饮类型,火锅,店铺id,42356422,店铺名称,成都里·佬革命主题火锅（川师店）,经度,104.122877,纬度,30.616638
区域,成都,餐饮类型,粤港菜,店铺id,187277988,店铺名称,永盈·福喜粤中餐,经度,104.07741,纬度,30.65457
区域,成都,餐饮类型,日韩料理,店铺id,50524763,店铺名称,我们家韩国料理,经度,104.11894,纬度,30.60613
区域,成都,餐饮类型,火锅,店铺id,2735979,店铺名称,蜀锦香厕所串串（高升桥总店）,经度,104.046043,纬度,30.637909
区域,成都,餐饮类型,火锅,店铺id,162071081,店铺名称,马路边边麻辣烫（金沙直营店）,经度,103.997706,纬度,30.676665
区域,成都,餐饮类型,火锅,店铺id,5762413,店铺名称,雅府正红木桶鱼（常乐店）,经度,103.983212,纬度,30.57972
区域,成都,餐饮类型,西餐,店铺id,769202,店铺名称,祖母的厨房（人南店）,经度,104.066462,纬度,30.625329
区域,成都,餐饮类型,自助餐,店铺id,152782375,店铺名称,阳光岛·海鲜盛宴,经度,104.070531,纬度,30.584755
区域,成都,餐饮类型,生日蛋糕,店铺id,4430052,店铺名称,巴黎甜甜蛋糕（西华大学店）,经度,103.94753,纬度,30.7756
区域,成都,餐饮类型,小吃快餐,店铺id,42592486,店铺名称,三顾冒菜（体院店）,经度,104.040834,纬度,30.646968
区域,成都,餐饮类型,生日蛋糕,店铺id,166210673,店铺名称,面包很忙（阳光米娅店）,经度,104.140252,纬度,30.639026
区域,成都,餐饮类型,火锅,店铺id,2743208,店铺名称,苗家筒笋鸡（凤溪大道店）,经度,103.838,纬度,30.69209
区域,成都,餐饮类型,火锅,店铺id,5331282,店铺名称,重庆谈●家火锅（温江店）,经度,103.8311,纬度,30.69133
区域,成都,餐饮类型,火锅,店铺id,195006544,店铺名称,贤合庄卤味火锅（太古里店）,经度,104.081247,纬度,30.650727
区域,成都,餐饮类型,日本菜,店铺id,5455759,店铺名称,上善本味寿司（镋钯街店）,经度,104.080466,纬度,30.648829
区域,成都,餐饮类型,火锅,店铺id,6427364,店铺名称,渔猫子木桶鱼（黄金路店）,经度,103.991684,纬度,30.708329
区域,成都,餐饮类型,粤港菜,店铺id,187277988,店铺名称,永盈·福喜粤中餐,经度,104.07741,纬度,30.65457
区域,成都,餐饮类型,西餐,店铺id,2482225,店铺名称,Coffee漫谷·咖啡（三强东路店）,经度,103.928731,纬度,30.568883
区域,成都,餐饮类型,火锅,店铺id,2434653,店铺名称,鑫御隆斑鱼庄（金沙店）,经度,104.010555,纬度,30.677202
区域,简阳,餐饮类型,小龙虾,店铺id,1712888983,店铺名称,圈了锅虾•龙虾火锅,经度,104.537828,纬度,30.406621
区域,成都,餐饮类型,自助餐,店铺id,40553444,店铺名称,澳洲肥牛捞捞锅牛排海鲜自助（双流店）,经度,103.911435,纬度,30.603266
区域,成都,餐饮类型,火锅,店铺id,6008536,店铺名称,川西坝子印象火锅（西门店）,经度,104.04366,纬度,30.684258
区域,成都,餐饮类型,火锅,店铺id,183955445,店铺名称,匠岳·王宝器麻椒鱼（龙泉店）,经度,104.27698,纬度,30.559863
区域,成都,餐饮类型,火锅,店铺id,6008536,店铺名称,川西坝子印象火锅（西门店）,经度,104.04366,纬度,30.684258
区域,成都,餐饮类型,火锅,店铺id,2478017,店铺名称,老城门火锅,经度,104.090852,纬度,30.682435
区域,成都,餐饮类型,火锅,店铺id,187989127,店铺名称,蜀江龙火锅（宽窄巷子店）,经度,104.048251,纬度,30.669694
区域,成都,餐饮类型,火锅,店铺id,4167973,店铺名称,重庆地龙老火锅,经度,103.82764,纬度,30.69061
区域,成都,餐饮类型,烧烤烤串,店铺id,5583324,店铺名称,味汉城自助涮烤（阳光新业中心店）,经度,104.090537,纬度,30.642998
区域,成都,餐饮类型,川湘菜,店铺id,171867257,店铺名称,胖哥来凤鱼,经度,104.25253,纬度,30.88545
区域,成都,餐饮类型,生日蛋糕,店铺id,41739327,店铺名称,源香缘蛋糕（成都建设店）,经度,104.109195,纬度,30.672594
区域,成都,餐饮类型,香锅烤鱼,店铺id,5429858,店铺名称,糯阿糯特色干锅（中海国际店）,经度,103.978736,纬度,30.722292
区域,成都,餐饮类型,特色菜,店铺id,1292499135,店铺名称,简享高空私房菜（太古里分店）,经度,104.086855,纬度,30.650194
区域,成都,餐饮类型,香锅烤鱼,店铺id,42856296,店铺名称,功夫砂锅干锅（奥克斯广场店）,经度,104.061655,纬度,30.576307
区域,成都,餐饮类型,中式烧烤/烤串,店铺id,40497640,店铺名称,小猪猪烤肉（群光广场店）,经度,104.076848,纬度,30.654212
区域,成都,餐饮类型,日本菜,店铺id,180656292,店铺名称,隐家烧鸟专门店（凛火三号店）,经度,104.089458,纬度,30.653692
区域,成都,餐饮类型,自助餐,店铺id,5476513,店铺名称,旭猛馋味轩海鲜自助烤肉（红牌楼店）,经度,104.02855,纬度,30.63349
区域,都江堰,餐饮类型,中式烧烤/烤串,店铺id,4115847,店铺名称,陈家牛出没时尚自助烧烤餐厅,经度,103.624129,纬度,30.997711
区域,彭州,餐饮类型,火锅,店铺id,894117329,店铺名称,集渔·泰式海鲜火锅（彭州店）,经度,103.944813,纬度,30.9825
区域,成都,餐饮类型,火锅,店铺id,1545973,店铺名称,芭夯兔（建设路店）,经度,104.10008,纬度,30.66901
区域,成都,餐饮类型,川湘菜,店铺id,41190485,店铺名称,福粥府中餐厅,经度,104.095657,纬度,30.644094
区域,成都,餐饮类型,香锅烤鱼,店铺id,1411836537,店铺名称,重庆黔江鸡杂,经度,104.249413,纬度,30.885169
区域,成都,餐饮类型,火锅,店铺id,40640947,店铺名称,绝城芋儿鸡（龙湖时代天街店）,经度,103.921071,纬度,30.751882
区域,成都,餐饮类型,火锅,店铺id,2534112,店铺名称,滋味来御来三汁焖锅（川大小北门店）,经度,104.084917,纬度,30.635415
区域,成都,餐饮类型,川湘菜,店铺id,171867257,店铺名称,胖哥来凤鱼,经度,104.25253,纬度,30.88545
区域,成都,餐饮类型,火锅,店铺id,42077293,店铺名称,绿豆养生汤（新都店）,经度,104.15296,纬度,30.822381
区域,成都,餐饮类型,自助餐,店铺id,2520529,店铺名称,上鱼河鲜（西苑半岛店）,经度,103.986994,纬度,30.66102
区域,成都,餐饮类型,生日蛋糕,店铺id,179070119,店铺名称,迷鹿森林蛋糕（天府三街店）,经度,104.065528,纬度,30.546562
区域,成都,餐饮类型,火锅,店铺id,6313837,店铺名称,佬革命主题火锅（马家花园店）,经度,104.05423,纬度,30.6794
区域,都江堰,餐饮类型,火锅,店铺id,40254474,店铺名称,囧囧串串,经度,103.64145,纬度,30.98826
区域,成都,餐饮类型,日本菜,店铺id,180656292,店铺名称,隐家烧鸟专门店（凛火三号店）,经度,104.089458,纬度,30.653692
区域,都江堰,餐饮类型,川湘菜,店铺id,4939183,店铺名称,张三丰小酒馆,经度,103.63484,纬度,30.998508
区域,成都,餐饮类型,生日蛋糕,店铺id,5810786,店铺名称,朗姆糕点房,经度,104.05834,纬度,30.50888
区域,成都,餐饮类型,日本菜,店铺id,180656292,店铺名称,隐家烧鸟专门店（凛火三号店）,经度,104.089458,纬度,30.653692
区域,成都,餐饮类型,火锅,店铺id,5425196,店铺名称,龙渊二荆条鲜活火锅（华阳店）,经度,104.068016,纬度,30.506363
区域,成都,餐饮类型,火锅,店铺id,776839,店铺名称,武陵山珍（黄田坝店）,经度,103.960649,纬度,30.687939
区域,成都,餐饮类型,江河湖海鲜,店铺id,195191171,店铺名称,老龍王海鲜大咖,经度,103.831034,纬度,30.720061
区域,成都,餐饮类型,火锅,店铺id,42636660,店铺名称,莽子老火锅自助火锅,经度,104.058159,纬度,30.676985
区域,成都,餐饮类型,自助餐,店铺id,5218010,店铺名称,行大田牛排海鲜自助（凯德广场店）,经度,104.152359,纬度,30.627005
区域,都江堰,餐饮类型,火锅,店铺id,164318451,店铺名称,青城腊排·川西特色铜火锅（创始店）,经度,103.632268,纬度,30.997818
区域,成都,餐饮类型,火锅,店铺id,788258,店铺名称,澜庭苑牛杂火锅专家（人民南路店）,经度,104.06272,纬度,30.63577
区域,成都,餐饮类型,烧烤烤串,店铺id,41348160,店铺名称,阿郎山烤肉涮锅美食超市（新都店）,经度,104.161226,纬度,30.82493
区域,都江堰,餐饮类型,火锅,店铺id,41146108,店铺名称,山珍铜锅腊排土鸡馆（青城山店）,经度,103.597572,纬度,30.904664
区域,成都,餐饮类型,火锅,店铺id,40407831,店铺名称,牛A澳洲肥牛捞捞锅,经度,103.920927,纬度,30.75117
区域,成都,餐饮类型,火锅,店铺id,5870442,店铺名称,雅府正红木桶鱼（莲花东路店）,经度,104.098692,纬度,30.635803
区域,成都,餐饮类型,火锅,店铺id,6157180,店铺名称,渔垆河鲜南湖旗舰店,经度,104.047037,纬度,30.496131
区域,成都,餐饮类型,江河湖海鲜,店铺id,1036704,店铺名称,利川家自助海鲜烤肉（香槟广场店）,经度,104.079469,纬度,30.652476
区域,成都,餐饮类型,小吃快餐,店铺id,996009450,店铺名称,赵鸭子甜皮鸭（双楠店）,经度,104.026499,纬度,30.644098
区域,成都,餐饮类型,火锅,店铺id,42353060,店铺名称,川江大坝子自助火锅超市（双华桥总店）,经度,104.048419,纬度,30.511582
区域,成都,餐饮类型,火锅,店铺id,5422408,店铺名称,重庆矮板凳老火锅（航空港店）,经度,104.00424,纬度,30.57133
区域,成都,餐饮类型,火锅,店铺id,192635269,店铺名称,耙土豆老火锅（科华路总店）,经度,104.075923,纬度,30.631884
区域,成都,餐饮类型,小吃快餐,店铺id,41810136,店铺名称,芙蓉树下·就是成都冒菜（北大街店）,经度,104.076825,纬度,30.674146
区域,成都,餐饮类型,火锅,店铺id,59224,店铺名称,北平楼（沙湾店）,经度,104.0522,纬度,30.68401
区域,成都,餐饮类型,饮品店,店铺id,192824552,店铺名称,漫猫咖啡音乐清吧,经度,104.05793,纬度,30.49579
区域,成都,餐饮类型,香锅烤鱼,店铺id,771095,店铺名称,情妹耙泥鳅,经度,104.07723,纬度,30.62103
区域,成都,餐饮类型,火锅,店铺id,42602940,店铺名称,一把骨自助火锅,经度,104.04855,纬度,30.669819
区域,成都,餐饮类型,火锅,店铺id,1122957428,店铺名称,巴国龙鼎老火锅（339店）,经度,104.09791,纬度,30.66464
区域,成都,餐饮类型,火锅,店铺id,5258831,店铺名称,灌县老妈砂锅串串（和平街店）,经度,103.889983,纬度,30.802696
区域,成都,餐饮类型,火锅,店铺id,1558725,店铺名称,巴蜀崽火锅（锦华总店）,经度,104.09894,纬度,30.618446
区域,成都,餐饮类型,火锅,店铺id,187989127,店铺名称,蜀江龙火锅（宽窄巷子店）,经度,104.048251,纬度,30.669694
区域,成都,餐饮类型,火锅,店铺id,770887,店铺名称,麒麟胖哥火锅食府（金河路旗舰店）,经度,103.901793,纬度,30.558884
区域,成都,餐饮类型,川湘菜,店铺id,40360735,店铺名称,老柴房柴火鸡（师大店）,经度,104.20566,纬度,30.57757
区域,成都,餐饮类型,日本菜,店铺id,180656292,店铺名称,隐家烧鸟专门店（凛火三号店）,经度,104.089458,纬度,30.653692
区域,成都,餐饮类型,火锅,店铺id,2575349,店铺名称,山时鲜野菌汤锅,经度,104.01884,纬度,30.694111
区域,成都,餐饮类型,川湘菜,店铺id,2787216,店铺名称,奇味奇川菜馆,经度,104.13472,纬度,30.67522
区域,都江堰,餐饮类型,川湘菜,店铺id,5978367,店铺名称,味水山庄,经度,103.491078,纬度,30.921747
区域,崇州,餐饮类型,火锅,店铺id,5907794,店铺名称,顺熙肥牛,经度,103.659362,纬度,30.633117
区域,成都,餐饮类型,日本菜,店铺id,41188444,店铺名称,鲜目录外带寿司（藏卫路店）,经度,103.925727,纬度,30.572346
区域,都江堰,餐饮类型,火锅,店铺id,164318451,店铺名称,青城腊排·川西特色铜火锅（创始店）,经度,103.632268,纬度,30.997818
区域,成都,餐饮类型,火锅,店铺id,40398312,店铺名称,犇犇藤椒牛杂火锅（琉璃厂店）,经度,104.094454,纬度,30.590498
区域,成都,餐饮类型,火锅,店铺id,6163676,店铺名称,巴蜀崽火锅（十陵店）,经度,104.174956,纬度,30.647769
区域,成都,餐饮类型,火锅,店铺id,188733579,店铺名称,桃花里·花园音乐火锅（吾悦广场店）,经度,104.240829,纬度,30.577833
区域,成都,餐饮类型,香锅烤鱼,店铺id,42819163,店铺名称,巫山纸包鱼,经度,104.03594,纬度,30.685316
区域,成都,餐饮类型,火锅,店铺id,1795309,店铺名称,巴蜀宽宅门火锅（川陕店）,经度,104.104478,纬度,30.715338
区域,都江堰,餐饮类型,火锅,店铺id,41146108,店铺名称,山珍铜锅腊排土鸡馆（青城山店）,经度,103.597572,纬度,30.904664
区域,成都,餐饮类型,小吃快餐,店铺id,41972546,店铺名称,伍氏猪脚,经度,103.828903,纬度,30.68271
区域,成都,餐饮类型,粤港菜,店铺id,42897736,店铺名称,新悦港式餐厅,经度,103.909834,纬度,30.603848
区域,成都,餐饮类型,小龙虾,店铺id,1599848067,店铺名称,万虾汇小龙虾音乐餐厅（韩国城店）,经度,104.006947,纬度,30.57311
区域,成都,餐饮类型,烧烤烤串,店铺id,6127509,店铺名称,棉都锅盖烤肉（小龙桥店）,经度,104.110644,纬度,30.657526
区域,成都,餐饮类型,小吃快餐,店铺id,42467120,店铺名称,肥臀娃快捷火锅,经度,104.151644,纬度,30.627413
区域,都江堰,餐饮类型,川湘菜,店铺id,1338912688,店铺名称,又一村佳辰山庄·川菜,经度,103.47342,纬度,30.93412
区域,成都,餐饮类型,生日蛋糕,店铺id,6313161,店铺名称,蛋糕新语,经度,103.947932,纬度,30.778178
区域,成都,餐饮类型,生日蛋糕,店铺id,4810260,店铺名称,心语蛋糕店（怡和新城店）,经度,104.259675,纬度,30.577433
区域,成都,餐饮类型,烧烤烤串,店铺id,165915929,店铺名称,我给你说嘛（建设路总店）,经度,104.103156,纬度,30.669358
区域,成都,餐饮类型,生日蛋糕,店铺id,5617521,店铺名称,广州西点屋,经度,103.91989,纬度,30.80224
区域,成都,餐饮类型,生日蛋糕,店铺id,40906346,店铺名称,笑尔玛（新繁店）,经度,104.017735,纬度,30.876006
区域,成都,餐饮类型,烧烤烤串,店铺id,157289999,店铺名称,旮哒东北传统烧烤（大石南路店）,经度,104.037368,纬度,30.643455
区域,成都,餐饮类型,小吃快餐,店铺id,4146144,店铺名称,小叫花冒菜（人民公园店）,经度,104.056686,纬度,30.655552
区域,成都,餐饮类型,香锅烤鱼,店铺id,4951752,店铺名称,张记烤鱼,经度,103.891576,纬度,30.808668
区域,成都,餐饮类型,火锅,店铺id,513154429,店铺名称,匠岳·王宝器麻椒鱼（簇桥旗舰店）,经度,103.978641,纬度,30.606857
区域,成都,餐饮类型,火锅,店铺id,1527730,店铺名称,三3野菌,经度,104.281053,纬度,30.568703
区域,成都,餐饮类型,香锅烤鱼,店铺id,5130341,店铺名称,陶二哥巫山纸上烤鱼（玉林店）,经度,104.060153,纬度,30.624092
区域,成都,餐饮类型,西餐,店铺id,115261138,店铺名称,莉莉斯美式西餐厅,经度,104.199466,纬度,30.575112
区域,成都,餐饮类型,生日蛋糕,店铺id,6279968,店铺名称,面包森林蛋糕（龙湖北城天街店）,经度,104.060228,纬度,30.714184
区域,成都,餐饮类型,火锅,店铺id,5561218,店铺名称,墨脱石锅（新繁店）,经度,104.015763,纬度,30.882766
区域,成都,餐饮类型,云贵菜,店铺id,887031031,店铺名称,云里小坐·洛带见,经度,104.32565,纬度,30.63539
区域,成都,餐饮类型,生日蛋糕,店铺id,6477147,店铺名称,艾里烘焙,经度,103.831857,纬度,30.689629
区域,成都,餐饮类型,小吃快餐,店铺id,4928444,店铺名称,上黄焖鸡米饭（合江亭店）,经度,104.08475,纬度,30.648671
区域,成都,餐饮类型,特色菜,店铺id,1645425809,店铺名称,玉锦花娇·新派川菜（世贸玉锦湾店）,经度,104.096395,纬度,30.668572
区域,成都,餐饮类型,烧烤烤串,店铺id,4141872,店铺名称,河边自助烧烤,经度,103.98351,纬度,30.827364
区域,成都,餐饮类型,烧烤烤串,店铺id,6717857,店铺名称,冰火岛西昌火盆烧烤（森林公园店）,经度,104.173107,纬度,30.813708
区域,成都,餐饮类型,火锅,店铺id,1159948741,店铺名称,老地方私家老火锅（东升店）,经度,103.910208,纬度,30.565496
区域,成都,餐饮类型,生日蛋糕,店铺id,52743146,店铺名称,多麦哆蛋糕,经度,103.930914,纬度,30.77561
区域,成都,餐饮类型,火锅,店铺id,4125551,店铺名称,陈六嬢乐山翘脚牛肉（青羊大道店）,经度,104.008995,纬度,30.667458
区域,成都,餐饮类型,特色菜,店铺id,184716063,店铺名称,武侯区祖跃家常菜馆,经度,104.020138,纬度,30.639355
区域,成都,餐饮类型,面包甜点,店铺id,773304,店铺名称,马得利（交大路店）,经度,104.045893,纬度,30.700376
区域,成都,餐饮类型,粤港菜,店铺id,3288984,店铺名称,博悦茶餐厅,经度,104.070776,纬度,30.676923
区域,成都,餐饮类型,生日蛋糕,店铺id,163392396,店铺名称,麦吉蛋糕（银泰城店）,经度,104.06075,纬度,30.53901
区域,成都,餐饮类型,粤港菜,店铺id,3288984,店铺名称,博悦茶餐厅,经度,104.070776,纬度,30.676923
区域,成都,餐饮类型,生日蛋糕,店铺id,5867374,店铺名称,亚细亚极炫蛋糕,经度,104.274814,纬度,30.560673
区域,成都,餐饮类型,火锅,店铺id,101304196,店铺名称,渣女老火锅,经度,104.10431,纬度,30.63714
区域,都江堰,餐饮类型,烧烤烤串,店铺id,5636422,店铺名称,馋道自助烤肉（江安路店）,经度,103.624581,纬度,30.989297
区域,成都,餐饮类型,火锅,店铺id,4510723,店铺名称,鼎上老火锅,经度,103.919141,纬度,30.752157
区域,成都,餐饮类型,面包甜点,店铺id,627449508,店铺名称,爸爸心语手工土司（中德英伦店）,经度,104.07588,纬度,30.50506
区域,成都,餐饮类型,生日蛋糕,店铺id,6440766,店铺名称,布蕾甜心（龙潭店）,经度,104.167399,纬度,30.695544
区域,成都,餐饮类型,香锅烤鱼,店铺id,3282749,店铺名称,绝味干锅烤鱼,经度,104.043,纬度,30.638178
区域,成都,餐饮类型,火锅,店铺id,1013655804,店铺名称,赵小二老火锅（滨河北路直营店）,经度,104.279819,纬度,30.560653
区域,成都,餐饮类型,中式烧烤/烤串,店铺id,772102,店铺名称,乐山刘记烧烤（东门海椒市店）,经度,104.10292,纬度,30.64074
区域,成都,餐饮类型,生日蛋糕,店铺id,6242174,店铺名称,马利蛋糕,经度,103.898499,纬度,30.804126
区域,成都,餐饮类型,火锅,店铺id,179295140,店铺名称,绿院中庭火锅（红光店）,经度,103.940471,纬度,30.77597
区域,彭州,餐饮类型,小吃快餐,店铺id,42583528,店铺名称,好汉冒菜（沃尔玛店）,经度,103.957869,纬度,30.986829
区域,成都,餐饮类型,火锅,店铺id,40180901,店铺名称,塘河湾生态自助河鲜火锅（文殊院店）,经度,104.075967,纬度,30.676221
区域,成都,餐饮类型,火锅,店铺id,1174801660,店铺名称,三元荟生态火锅,经度,104.0299,纬度,30.58071
区域,成都,餐饮类型,火锅,店铺id,40180901,店铺名称,塘河湾生态自助河鲜火锅（文殊院店）,经度,104.075967,纬度,30.676221
区域,成都,餐饮类型,生日蛋糕,店铺id,5054419,店铺名称,嘉好饼屋定制专属生日蛋糕（犀浦店）,经度,103.963816,纬度,30.756343
区域,邛崃,餐饮类型,火锅,店铺id,190625446,店铺名称,匠岳·王宝器麻椒鱼（邛崃店）,经度,103.469932,纬度,30.400138
区域,成都,餐饮类型,小吃快餐,店铺id,50184801,店铺名称,蓉渝记火锅米线（交大总店）,经度,104.045642,纬度,30.700684
区域,成都,餐饮类型,西餐,店铺id,40701476,店铺名称,菲豪牛排,经度,104.10061,纬度,30.70996
区域,成都,餐饮类型,川湘菜,店铺id,1799522,店铺名称,三和园私家菜（总店）,经度,104.037555,纬度,30.682883
区域,都江堰,餐饮类型,自助餐,店铺id,4526440,店铺名称,众里寻她千百度自助烤肉（都江堰店）,经度,103.62749,纬度,30.99272
区域,都江堰,餐饮类型,素食,店铺id,5467919,店铺名称,水映天空素餐厅,经度,103.623017,纬度,30.992613
区域,成都,餐饮类型,火锅,店铺id,510954362,店铺名称,张麻哥牛杂火锅食堂（犀浦店）,经度,103.961372,纬度,30.759678
区域,成都,餐饮类型,小吃快餐,店铺id,41725914,店铺名称,大懒人冒菜,经度,104.0589,纬度,30.63956
区域,成都,餐饮类型,火锅,店铺id,41417736,店铺名称,醉可以·火焰柴火鸡（华阳店）,经度,104.043072,纬度,30.514649
区域,成都,餐饮类型,小龙虾,店铺id,187401748,店铺名称,胖哥小龙虾,经度,104.036521,纬度,30.549268
区域,成都,餐饮类型,生日蛋糕,店铺id,6129010,店铺名称,爱森西点（缤纷广场店）,经度,104.192966,纬度,30.809354
区域,成都,餐饮类型,自助餐,店铺id,1442936,店铺名称,火舞泰·泰式火锅餐厅（世纪城假日酒店）,经度,104.074039,纬度,30.557994
区域,成都,餐饮类型,小龙虾,店铺id,187401748,店铺名称,胖哥小龙虾,经度,104.036521,纬度,30.549268
区域,成都,餐饮类型,香锅烤鱼,店铺id,6679051,店铺名称,三江烤鱼龙虾（梁家巷店）,经度,104.082934,纬度,30.68446
区域,成都,餐饮类型,饮品店,店铺id,2720851,店铺名称,为你钟情咖啡馆,经度,104.07864,纬度,30.65465
区域,成都,餐饮类型,面包甜点,店铺id,1502253374,店铺名称,悦时甜品Le dessert（春熙路店）,经度,104.079552,纬度,30.655588
区域,成都,餐饮类型,香锅烤鱼,店铺id,4706575,店铺名称,老船翁纸包鱼（长庆路店）,经度,104.038473,纬度,30.706773
区域,成都,餐饮类型,生日蛋糕,店铺id,6845516,店铺名称,好喜来蛋糕（红运街店）,经度,104.00321,纬度,30.643869
区域,成都,餐饮类型,火锅,店铺id,805195137,店铺名称,渝鼎香重庆火锅（青白江店）,经度,104.276651,纬度,30.871556
区域,成都,餐饮类型,火锅,店铺id,42277136,店铺名称,鼎味美蛙鱼头,经度,104.168283,纬度,30.622202
区域,成都,餐饮类型,火锅,店铺id,4391321,店铺名称,田记云南天麻火腿鸡（红光店）,经度,103.949797,纬度,30.782239
区域,成都,餐饮类型,川湘菜,店铺id,774924,店铺名称,老房子民风酒楼·水墨红（欢乐谷店）,经度,104.038439,纬度,30.72017
区域,成都,餐饮类型,川湘菜,店铺id,2416568,店铺名称,鼎盛盐商食府,经度,104.124644,纬度,30.6711
区域,成都,餐饮类型,火锅,店铺id,1805037,店铺名称,佬俵肥肠鸡（龙泉店）,经度,104.273385,纬度,30.569216
区域,成都,餐饮类型,火锅,店铺id,1533818743,店铺名称,筑梦时光中餐柴火鸡,经度,103.89416,纬度,30.64568
区域,成都,餐饮类型,烧烤烤串,店铺id,4188756,店铺名称,西昌火盆烧烤阿惹妞（空港店）,经度,104.004838,纬度,30.571388
区域,成都,餐饮类型,自助餐,店铺id,6126466,店铺名称,众里寻她·千百度自助烤肉（温江店）,经度,103.837628,纬度,30.698276
区域,成都,餐饮类型,烧烤烤串,店铺id,164086957,店铺名称,咕噜一家韩式烤肉（环球中心店）,经度,104.063117,纬度,30.568738
区域,成都,餐饮类型,火锅,店铺id,6886203,店铺名称,村队长土灶柴火鸡（村队长）,经度,103.863451,纬度,30.818396
区域,成都,餐饮类型,火锅,店铺id,41182961,店铺名称,蜀堰老妈砂锅串串总店,经度,104.06176,纬度,30.63552
区域,成都,餐饮类型,中式烧烤/烤串,店铺id,174155215,店铺名称,源汉石板烧烤（（原海上海店））,经度,104.11697,纬度,30.63985
区域,成都,餐饮类型,川湘菜,店铺id,41609172,店铺名称,盐井记自贡美蛙鲜锅兔,经度,104.083577,纬度,30.559699
区域,成都,餐饮类型,生日蛋糕,店铺id,5531298,店铺名称,储缘蛋糕（新繁店）,经度,104.020781,纬度,30.874838
区域,成都,餐饮类型,川湘菜,店铺id,177464798,店铺名称,饕林餐厅（武侯祠店）,经度,104.056794,纬度,30.64585
区域,成都,餐饮类型,火锅,店铺id,5159070,店铺名称,坎上坎老火锅（电视塔路店）,经度,103.914338,纬度,30.568309
区域,成都,餐饮类型,火锅,店铺id,772729,店铺名称,重庆乌鱼庄·龙滋鲜,经度,104.009267,纬度,30.668585
区域,成都,餐饮类型,川湘菜,店铺id,184671108,店铺名称,拾悦花园餐厅,经度,104.00138,纬度,30.64413
区域,成都,餐饮类型,火锅,店铺id,42293572,店铺名称,蜀味江湖火锅（天仁路店）,经度,104.074597,纬度,30.601877
区域,成都,餐饮类型,川湘菜,店铺id,5092670,店铺名称,小庭院乡土菜（柏仕公馆店）,经度,104.147415,纬度,30.632208
区域,成都,餐饮类型,自助餐,店铺id,194758399,店铺名称,蚝英雄·自助烤蚝（建设路店）,经度,104.102684,纬度,30.669185
区域,成都,餐饮类型,川湘菜,店铺id,40044436,店铺名称,巧灶柴火鸡,经度,104.01258,纬度,30.703185
区域,成都,餐饮类型,小吃快餐,店铺id,6285855,店铺名称,小阿妹米线（新都缤纷店）,经度,104.192748,纬度,30.809696
区域,成都,餐饮类型,中式烧烤/烤串,店铺id,1306755773,店铺名称,柳飘飘亚洲烤肉集合店（太古里店）,经度,104.083139,纬度,30.65618
区域,成都,餐饮类型,西餐,店铺id,4747344,店铺名称,上座咖啡,经度,104.28168,纬度,30.566931
区域,成都,餐饮类型,生日蛋糕,店铺id,4615429,店铺名称,欧特曼蛋糕（一里阳光街店）,经度,103.895523,纬度,30.80658
区域,成都,餐饮类型,火锅,店铺id,192653075,店铺名称,不站·花胶鸡（桐梓林店）,经度,104.064781,纬度,30.616383
区域,成都,餐饮类型,川湘菜,店铺id,3317658,店铺名称,老瓦房土碗菜（龙泉店）,经度,104.281086,纬度,30.568635
区域,成都,餐饮类型,火锅,店铺id,1569688,店铺名称,鲁西肥牛（九方购物中心店）,经度,104.06538,纬度,30.589826
区域,成都,餐饮类型,中式烧烤/烤串,店铺id,1141848898,店铺名称,鲜森特色石棉烤肉,经度,103.815248,纬度,30.681315
区域,成都,餐饮类型,饮品店,店铺id,52060892,店铺名称,西丁茶饮,经度,103.883388,纬度,30.812711
区域,成都,餐饮类型,烧烤烤串,店铺id,5670108,店铺名称,西昌冕宁火盆自助烧烤,经度,104.004868,纬度,30.57131
区域,成都,餐饮类型,东南亚菜,店铺id,972510973,店铺名称,素林泰餐厅Surin Thai Restaurant,经度,104.043063,纬度,30.550235
区域,成都,餐饮类型,小吃快餐,店铺id,51715495,店铺名称,芙蓉树下冒菜（金色夏威夷店）,经度,104.05712,纬度,30.67257
区域,成都,餐饮类型,小吃快餐,店铺id,5703967,店铺名称,佐记九味鸡（沙湾路店）,经度,104.054497,纬度,30.68891
区域,成都,餐饮类型,西餐,店铺id,114938751,店铺名称,苏坦中东料理·清真（成都远洋太古里店）,经度,104.085256,纬度,30.654102
区域,彭州,餐饮类型,火锅,店铺id,6686241,店铺名称,鑫御隆斑鱼庄（牡丹北路店）,经度,103.95323,纬度,30.99096
区域,成都,餐饮类型,火锅,店铺id,4699799,店铺名称,藤椒牛杂火锅（红花东路店）,经度,104.08698,纬度,30.690181
区域,成都,餐饮类型,火锅,店铺id,805195137,店铺名称,渝鼎香重庆火锅（青白江店）,经度,104.276651,纬度,30.871556
区域,成都,餐饮类型,火锅,店铺id,1802808,店铺名称,天天梭边鱼,经度,104.14126,纬度,30.68068
区域,成都,餐饮类型,川湘菜,店铺id,1805206,店铺名称,瑞香金阁（柳城店）,经度,103.842663,纬度,30.705483
区域,成都,餐饮类型,川湘菜,店铺id,774924,店铺名称,老房子民风酒楼·水墨红（欢乐谷店）,经度,104.038439,纬度,30.72017
区域,成都,餐饮类型,火锅,店铺id,4168963,店铺名称,符缸老坛子酸菜竹笋鸡（蛟龙港店）,经度,103.91483,纬度,30.60796
区域,成都,餐饮类型,火锅,店铺id,2667003,店铺名称,红璟天▪火锅（营兴店）,经度,104.035006,纬度,30.683967
区域,成都,餐饮类型,新疆菜,店铺id,40833898,店铺名称,后花园新疆私房菜,经度,104.051123,纬度,30.658361
区域,成都,餐饮类型,火锅,店铺id,4454623,店铺名称,重庆好吃嘴冷锅鱼,经度,103.989144,纬度,30.547111
区域,成都,餐饮类型,川湘菜,店铺id,771319,店铺名称,蜀中李记老味道·四川地域民间菜（金沙店）,经度,104.00824,纬度,30.67794
区域,成都,餐饮类型,自助餐,店铺id,194499243,店铺名称,醉美秋天海鲜烤肉涮锅美食自助中心,经度,103.863978,纬度,30.685425
区域,成都,餐饮类型,火锅,店铺id,6315320,店铺名称,重庆格子老火锅,经度,103.892176,纬度,30.80925
区域,成都,餐饮类型,川湘菜,店铺id,3310060,店铺名称,香豆小厨（春熙路正科甲巷店）,经度,104.07972,纬度,30.65649
区域,成都,餐饮类型,东南亚菜,店铺id,72900320,店铺名称,肉桂厨房CINNAMON（宽窄巷子店）,经度,104.054576,纬度,30.668571
区域,成都,餐饮类型,生日蛋糕,店铺id,6774258,店铺名称,拉芙家蛋糕（五大花园店）,经度,104.003782,纬度,30.640276
区域,成都,餐饮类型,火锅,店铺id,6317557,店铺名称,野生菌（簇锦南路店）,经度,103.993613,纬度,30.602986
区域,成都,餐饮类型,小龙虾,店铺id,99883621,店铺名称,霸王虾•成都麻辣小龙虾（华阳店）,经度,104.066609,纬度,30.527183
区域,都江堰,餐饮类型,火锅,店铺id,6069600,店铺名称,山珍菌王野菌汤,经度,103.643204,纬度,30.995136
区域,成都,餐饮类型,火锅,店铺id,4886612,店铺名称,辣立方自助火锅（交大店）,经度,104.044795,纬度,30.697074
区域,成都,餐饮类型,云贵菜,店铺id,162902619,店铺名称,都氏二当家·木系（ifs旗舰店）,经度,104.081404,纬度,30.65489
区域,成都,餐饮类型,日韩料理,店铺id,40732475,店铺名称,明洞木子欧巴韩国料理,经度,103.981911,纬度,30.823415
区域,成都,餐饮类型,川湘菜,店铺id,1517160,店铺名称,川粤汇酒楼（簇桥店）,经度,103.995448,纬度,30.609717
区域,大邑,餐饮类型,川湘菜,店铺id,577724129,店铺名称,天福美院·老厂酒菜馆,经度,103.613765,纬度,30.512024
区域,彭州,餐饮类型,生日蛋糕,店铺id,4805280,店铺名称,阿卡迪斯,经度,103.95722,纬度,30.9875
区域,成都,餐饮类型,自助餐,店铺id,76441,店铺名称,岷山饭店芝芝自助餐厅,经度,104.06684,纬度,30.64863
区域,成都,餐饮类型,火锅,店铺id,101304196,店铺名称,渣女老火锅,经度,104.10431,纬度,30.63714
区域,彭州,餐饮类型,饮品店,店铺id,6049524,店铺名称,芒不颠奶茶（彭州店）,经度,103.941028,纬度,30.982212
区域,成都,餐饮类型,自助餐,店铺id,6781384,店铺名称,世外桃源酒店·海鲜自助餐厅,经度,104.077794,纬度,30.629535
区域,成都,餐饮类型,烧烤烤串,店铺id,193915221,店铺名称,瓦烤·宜宾烧烤（天府长城店）,经度,104.070734,纬度,30.593849
区域,成都,餐饮类型,生日蛋糕,店铺id,6041220,店铺名称,麦派蛋糕（红光店）,经度,103.952974,纬度,30.783907
区域,成都,餐饮类型,火锅,店铺id,42084030,店铺名称,龙腾庭院火锅（恒大新城店）,经度,103.86689,纬度,30.66455
区域,成都,餐饮类型,烧烤烤串,店铺id,193915221,店铺名称,瓦烤·宜宾烧烤（天府长城店）,经度,104.070734,纬度,30.593849
区域,成都,餐饮类型,火锅,店铺id,4847076,店铺名称,镇江龙麻辣烫·始于1976（沙湾会展店）,经度,104.045471,纬度,30.691467
区域,成都,餐饮类型,生日蛋糕,店铺id,41961516,店铺名称,一蜜时刻蛋糕·榴莲生日蛋糕,经度,104.10526,纬度,30.67008
区域,成都,餐饮类型,火锅,店铺id,179295140,店铺名称,绿院中庭火锅（红光店）,经度,103.940471,纬度,30.77597
区域,成都,餐饮类型,自助餐,店铺id,6216616,店铺名称,西藏饭店·亚克·食光自助餐厅,经度,104.07216,纬度,30.68223
区域,成都,餐饮类型,川湘菜,店铺id,40301294,店铺名称,会府小院,经度,104.07561,纬度,30.66503
区域,成都,餐饮类型,烧烤烤串,店铺id,118508693,店铺名称,多无所谓烧烤（天府四街店）,经度,104.045536,纬度,30.542306
区域,成都,餐饮类型,生日蛋糕,店铺id,6203469,店铺名称,可口蛋糕（甜庄店）,经度,104.310671,纬度,30.605483
区域,成都,餐饮类型,川湘菜,店铺id,2384737,店铺名称,大蓉和（拉德方斯店）,经度,104.06312,纬度,30.57509
区域,成都,餐饮类型,火锅,店铺id,164939628,店铺名称,集渔泰式海鲜火锅（华阳店）,经度,104.065642,纬度,30.527279
区域,金堂,餐饮类型,生日蛋糕,店铺id,6880792,店铺名称,金麦Cake（小广场店）,经度,104.428802,纬度,30.850323
区域,成都,餐饮类型,火锅,店铺id,41880241,店铺名称,澳盟清汤鲜黄牛肉,经度,103.877844,纬度,30.812488
区域,成都,餐饮类型,川湘菜,店铺id,4799934,店铺名称,顺江酒楼,经度,103.927343,纬度,30.736315
区域,成都,餐饮类型,火锅,店铺id,4427038,店铺名称,川视肥牛养生汤馆(吃8方桂苑中餐厅)（桂园中餐厅店）,经度,104.163847,纬度,30.830675
区域,成都,餐饮类型,烧烤烤串,店铺id,744906033,店铺名称,WǎKǎo瓦烤·烧烤界扛把子（鹭洲里店）,经度,104.040751,纬度,30.550768
区域,成都,餐饮类型,小吃快餐,店铺id,52049463,店铺名称,乐山牛华绿缘麻辣烫（新南门店）,经度,104.074319,纬度,30.642867
区域,成都,餐饮类型,火锅,店铺id,4911888,店铺名称,扳命兔腰（南城都汇店）,经度,104.055251,纬度,30.591022
区域,成都,餐饮类型,川湘菜,店铺id,774924,店铺名称,老房子民风酒楼·水墨红（欢乐谷店）,经度,104.038439,纬度,30.72017
区域,成都,餐饮类型,西餐,店铺id,4480813,店铺名称,TT HOUSE北美牛排西餐厅（凯德广场店）,经度,104.044185,纬度,30.703981
区域,成都,餐饮类型,生日蛋糕,店铺id,5536069,店铺名称,慕斯之家蛋糕（红牌楼店）,经度,104.028569,纬度,30.634483
区域,成都,餐饮类型,东南亚菜,店铺id,72900320,店铺名称,肉桂厨房CINNAMON（宽窄巷子店）,经度,104.054576,纬度,30.668571
区域,都江堰,餐饮类型,中式烧烤/烤串,店铺id,4066401,店铺名称,火焰山美食,经度,103.636123,纬度,30.998614
区域,成都,餐饮类型,火锅,店铺id,2524013,店铺名称,绝城芋儿鸡（金色夏威夷店）,经度,104.0564,纬度,30.672679
区域,成都,餐饮类型,火锅,店铺id,1349920535,店铺名称,清泰园庭院火锅,经度,103.93575,纬度,30.5654
区域,成都,餐饮类型,烧烤烤串,店铺id,6495582,店铺名称,凉山索玛花火盆烧烤（琉璃场店）,经度,104.102987,纬度,30.596278
区域,成都,餐饮类型,生日蛋糕,店铺id,2515706,店铺名称,喜来蛋糕（华阳店）,经度,104.05202,纬度,30.512047
区域,成都,餐饮类型,小龙虾,店铺id,99883621,店铺名称,霸王虾•成都麻辣小龙虾（华阳店）,经度,104.066609,纬度,30.527183
区域,新津县,餐饮类型,生日蛋糕,店铺id,40172762,店铺名称,麦香园蛋糕（一小店）,经度,103.812897,纬度,30.408582
区域,成都,餐饮类型,香锅烤鱼,店铺id,41728251,店铺名称,三味纸包鱼,经度,103.978076,纬度,30.766748
区域,成都,餐饮类型,云贵菜,店铺id,162902619,店铺名称,都氏二当家·木系（ifs旗舰店）,经度,104.081404,纬度,30.65489
区域,成都,餐饮类型,火锅,店铺id,42072279,店铺名称,鱼众不同片片鱼,经度,104.117469,纬度,30.607657
区域,都江堰,餐饮类型,火锅,店铺id,2639889,店铺名称,聚源来凤鱼,经度,103.683296,纬度,30.941938
区域,成都,餐饮类型,火锅,店铺id,101304196,店铺名称,渣女老火锅,经度,104.10431,纬度,30.63714
区域,邛崃,餐饮类型,生日蛋糕,店铺id,6970674,店铺名称,麦香园（邛崃店）,经度,103.463007,纬度,30.412466
区域,成都,餐饮类型,东南亚菜,店铺id,5335235,店铺名称,泰澜得泰国菜,经度,103.827666,纬度,30.684505
区域,成都,餐饮类型,火锅,店铺id,179295140,店铺名称,绿院中庭火锅（红光店）,经度,103.940471,纬度,30.77597
区域,崇州,餐饮类型,生日蛋糕,店铺id,41851765,店铺名称,奇乐贝尔蛋糕（蜀州北路店）,经度,103.669516,纬度,30.640484
区域,成都,餐饮类型,小吃快餐,店铺id,50020612,店铺名称,小阿妹米线,经度,104.06806,纬度,30.759658
区域,成都,餐饮类型,烧烤烤串,店铺id,686952678,店铺名称,WǎKǎo瓦烤·烧烤界扛把子（太古里店）,经度,104.090273,纬度,30.654544
区域,成都,餐饮类型,川湘菜,店铺id,1794161,店铺名称,李豆汤饭庄（东门大桥店）,经度,104.08488,纬度,30.64903
区域,成都,餐饮类型,小吃快餐,店铺id,40438143,店铺名称,鳴人拉面（伊藤洋华堂店）,经度,104.07865,纬度,30.65525
区域,成都,餐饮类型,火锅,店铺id,164939628,店铺名称,集渔泰式海鲜火锅（华阳店）,经度,104.065642,纬度,30.527279
区域,成都,餐饮类型,火锅,店铺id,5606408,店铺名称,龍江三和斑鱼庄,经度,103.882014,纬度,30.809869
区域,成都,餐饮类型,香锅烤鱼,店铺id,42394924,店铺名称,贺姐纸包鱼（石油大学店）,经度,104.188818,纬度,30.825127
区域,成都,餐饮类型,东南亚菜,店铺id,175310755,店铺名称,肉桂厨房CINNAMON（光华店）,经度,104.020668,纬度,30.665452
区域,成都,餐饮类型,火锅,店铺id,1539769,店铺名称,裕龙斑鱼庄（红枫岭总店）,经度,104.126735,纬度,30.671513
区域,成都,餐饮类型,生日蛋糕,店铺id,5808612,店铺名称,邻家有铺cake蛋糕（环球中心店）,经度,104.062081,纬度,30.571201
区域,成都,餐饮类型,火锅,店铺id,764307857,店铺名称,陈艳红老火锅（春熙路太古里旗舰店）,经度,104.077208,纬度,30.656798
区域,金堂,餐饮类型,火锅,店铺id,2776454,店铺名称,重庆名流火锅,经度,104.44104,纬度,30.85762
区域,成都,餐饮类型,火锅,店铺id,40942924,店铺名称,蜀锦味老火锅（海椒店）,经度,104.101545,纬度,30.637464
区域,成都,餐饮类型,西餐,店铺id,185717281,店铺名称,芭莉与彩虹西餐厅（温江澄园店）,经度,103.826297,纬度,30.685277
区域,都江堰,餐饮类型,生日蛋糕,店铺id,6851307,店铺名称,九里饼屋,经度,103.64619,纬度,30.985484
区域,成都,餐饮类型,日本菜,店铺id,4311826,店铺名称,宝寿司（红瓦寺店）,经度,104.084964,纬度,30.635446
区域,成都,餐饮类型,小龙虾,店铺id,2518931,店铺名称,霸王虾•成都麻辣小龙虾（清水河公园店）,经度,103.989461,纬度,30.655538
区域,成都,餐饮类型,小吃快餐,店铺id,41571888,店铺名称,林妹妹沾水米线,经度,104.07095,纬度,30.66496
区域,成都,餐饮类型,烧烤烤串,店铺id,4247468,店铺名称,度岛韩国烤肉炸鸡（大世界商业广场店）,经度,104.0552,纬度,30.61552
区域,成都,餐饮类型,川湘菜,店铺id,164761886,店铺名称,银芭（天府麓镇店）,经度,104.092807,纬度,30.483294
区域,成都,餐饮类型,火锅,店铺id,41758785,店铺名称,二妹山珍野菌汤,经度,104.018811,纬度,30.693554
区域,成都,餐饮类型,西餐,店铺id,5405424,店铺名称,冰岛咖啡（双流永安路四段店）,经度,103.931163,纬度,30.560854
区域,成都,餐饮类型,中式烧烤/烤串,店铺id,1515313970,店铺名称,凉山好汉自助西昌烧烤（温江店）,经度,103.862895,纬度,30.692132
区域,成都,餐饮类型,火锅,店铺id,41758785,店铺名称,二妹山珍野菌汤,经度,104.018811,纬度,30.693554
区域,成都,餐饮类型,西餐,店铺id,5405424,店铺名称,冰岛咖啡（双流永安路四段店）,经度,103.931163,纬度,30.560854
区域,成都,餐饮类型,外卖,店铺id,1117220221,店铺名称,围炉市集,经度,104.04382,纬度,30.54544
区域,成都,餐饮类型,火锅,店铺id,40002990,店铺名称,何记美蛙耗儿鱼（科华店）,经度,104.076666,纬度,30.627724
区域,成都,餐饮类型,饮品店,店铺id,3279621,店铺名称,克鲁特咖啡吧（常乐店）,经度,103.983255,纬度,30.580091
区域,成都,餐饮类型,饮品店,店铺id,1464895870,店铺名称,Anime 哈士奇狗咖·柯基·柴犬（IFS店）,经度,104.07968,纬度,30.655638
区域,成都,餐饮类型,火锅,店铺id,52701180,店铺名称,骉骉老火锅（中海国际店）,经度,103.978784,纬度,30.722279
区域,成都,餐饮类型,火锅,店铺id,51253934,店铺名称,大厨房酱香兔火锅,经度,104.27005,纬度,30.564141
区域,成都,餐饮类型,小吃快餐,店铺id,190442049,店铺名称,南大门韩糕（郭家桥店）,经度,104.08148,纬度,30.625885
区域,成都,餐饮类型,面包甜点,店铺id,1450668,店铺名称,猫揽仙甜品主题餐厅（双楠店）,经度,104.016363,纬度,30.647352
区域,成都,餐饮类型,火锅,店铺id,771731,店铺名称,肉德娃火锅,经度,104.056949,纬度,30.517453
区域,金堂,餐饮类型,生日蛋糕,店铺id,71667705,店铺名称,欧麦love手感烘焙,经度,104.460611,纬度,30.850214
区域,成都,餐饮类型,香锅烤鱼,店铺id,4622312,店铺名称,泸州渔夫烤鱼烧烤,经度,104.053503,纬度,30.518132
区域,都江堰,餐饮类型,生日蛋糕,店铺id,5454637,店铺名称,哈尼蛋糕,经度,103.63505,纬度,30.996008
区域,成都,餐饮类型,火锅,店铺id,40057335,店铺名称,小河鲜石锅鱼,经度,104.085647,纬度,30.659381
区域,成都,餐饮类型,生日蛋糕,店铺id,5887728,店铺名称,烘焙日记（交院店）,经度,103.81187,纬度,30.691111
区域,崇州,餐饮类型,火锅,店铺id,41921259,店铺名称,刘记云南天麻火腿鸡,经度,103.69451,纬度,30.601879
区域,成都,餐饮类型,火锅,店铺id,4441732,店铺名称,老灶房老火锅（晋阳店）,经度,104.003224,纬度,30.651616
区域,成都,餐饮类型,火锅,店铺id,4326483,店铺名称,四豪鱼乡火锅（蓝谷地店）,经度,104.132097,纬度,30.606566
区域,成都,餐饮类型,香锅烤鱼,店铺id,6737136,店铺名称,万州烤鱼（郫县店）,经度,103.891515,纬度,30.809008
区域,成都,餐饮类型,烧烤烤串,店铺id,6205958,店铺名称,江南道自助烤肉,经度,103.828375,纬度,30.682705
区域,成都,餐饮类型,香锅烤鱼,店铺id,1799528,店铺名称,农夫烤鱼,经度,104.110639,纬度,30.655404
区域,成都,餐饮类型,烧烤烤串,店铺id,2539266,店铺名称,梅林醉香苑柴火鸡·烤全羊（三圣乡店）,经度,104.135429,纬度,30.579313
区域,成都,餐饮类型,川湘菜,店铺id,771526,店铺名称,永久王鲶鱼河鲜（一品天下店）,经度,104.02454,纬度,30.69249
区域,成都,餐饮类型,小吃快餐,店铺id,6182630,店铺名称,雲水越过桥米线（牛市口店）,经度,104.106453,纬度,30.640623
区域,成都,餐饮类型,生日蛋糕,店铺id,52271795,店铺名称,果壳坊烘焙（麓山店）,经度,104.079714,纬度,30.486783
区域,成都,餐饮类型,小龙虾,店铺id,6020935,店铺名称,虾鲜记龙虾（中和店）,经度,104.092629,纬度,30.561593
区域,成都,餐饮类型,火锅,店铺id,42923620,店铺名称,粥底火锅美蛙鱼（新都分店）,经度,104.177544,纬度,30.820994
区域,崇州,餐饮类型,西餐,店铺id,41456665,店铺名称,蔚蓝卡夫卡,经度,103.673979,纬度,30.63648
区域,成都,餐饮类型,饮品店,店铺id,40312942,店铺名称,一只酸奶牛（川大店）,经度,104.081466,纬度,30.625834
区域,成都,餐饮类型,生日蛋糕,店铺id,4939708,店铺名称,储缘蛋糕（一环路店）,经度,104.061807,纬度,30.633555
区域,都江堰,餐饮类型,西餐,店铺id,6646310,店铺名称,彩虹披萨屋,经度,103.623706,纬度,30.998232
区域,成都,餐饮类型,川湘菜,店铺id,1804262,店铺名称,福达酒楼,经度,104.05,纬度,30.5106
区域,成都,餐饮类型,烧烤烤串,店铺id,42682297,店铺名称,小媳妇儿碳火烤羊腿（建设路店）,经度,104.102164,纬度,30.669466
区域,成都,餐饮类型,火锅,店铺id,6632988,店铺名称,绝城芋儿鸡（高新店）,经度,104.055635,纬度,30.590564
区域,成都,餐饮类型,香锅烤鱼,店铺id,51642317,店铺名称,森林烤鱼【黄河路店】,经度,104.191385,纬度,30.815391
区域,成都,餐饮类型,火锅,店铺id,2466493,店铺名称,重庆老外婆耗儿鱼,经度,104.089842,纬度,30.654007
区域,成都,餐饮类型,生日蛋糕,店铺id,42975697,店铺名称,金冠蛋糕,经度,103.88039,纬度,30.788146
区域,成都,餐饮类型,火锅,店铺id,40337907,店铺名称,牛根香清汤黄牛肉（华阳总店）,经度,104.047989,纬度,30.515642
区域,成都,餐饮类型,烧烤烤串,店铺id,6210296,店铺名称,晶韩宫韩式水晶烤肉,经度,104.308312,纬度,30.603653
区域,成都,餐饮类型,火锅,店铺id,5137390,店铺名称,鱼满堂大鱼头,经度,104.058318,纬度,30.634545
区域,成都,餐饮类型,火锅,店铺id,772199,店铺名称,渔时代火锅（郫县总店）,经度,103.891323,纬度,30.800684
区域,成都,餐饮类型,川湘菜,店铺id,4240480,店铺名称,老院子柴火鸡,经度,104.283181,纬度,30.552889
区域,成都,餐饮类型,饮品店,店铺id,118329103,店铺名称,Salud.欧洲冻酸奶（武侯大悦城店）,经度,104.010273,纬度,30.626872
区域,成都,餐饮类型,饮品店,店铺id,5899844,店铺名称,木易缘咖啡,经度,104.084489,纬度,30.635672
区域,成都,餐饮类型,烧烤烤串,店铺id,2371006,店铺名称,邻湖水庄自助烧烤·烤全羊（三圣乡店）,经度,104.138881,纬度,30.583657
区域,成都,餐饮类型,面包甜点,店铺id,41469110,店铺名称,云尚吉庆鲜花饼（青羊上街店）,经度,104.03914,纬度,30.65959
区域,彭州,餐饮类型,生日蛋糕,店铺id,5754900,店铺名称,焙多芬生日蛋糕房（东北市街体验店）,经度,103.944275,纬度,30.986947
区域,成都,餐饮类型,烧烤烤串,店铺id,50343628,店铺名称,源汉石板烧烤（龙湖·金楠天街店）,经度,103.99635,纬度,30.64657
区域,成都,餐饮类型,火锅,店铺id,42906230,店铺名称,武陵山珍（新繁店）,经度,104.013513,纬度,30.883695
区域,成都,餐饮类型,火锅,店铺id,5092603,店铺名称,有茗塘鱼馆（高升桥店）,经度,104.03919,纬度,30.63068
区域,成都,餐饮类型,生日蛋糕,店铺id,2508632,店铺名称,可口蛋糕（龙泉店）,经度,104.27121,纬度,30.562685
区域,成都,餐饮类型,川湘菜,店铺id,51118901,店铺名称,别院小厨·柴火鸡,经度,104.159847,纬度,30.809566
区域,成都,餐饮类型,香锅烤鱼,店铺id,4061296,店铺名称,三江烤鱼,经度,104.11043,纬度,30.685985
区域,都江堰,餐饮类型,火锅,店铺id,4286666,店铺名称,龙记斑鱼庄（中山北路店）,经度,103.641865,纬度,30.994135
区域,成都,餐饮类型,火锅,店铺id,5046380,店铺名称,香香嘴野生菌汤,经度,104.260336,纬度,30.570231
区域,成都,餐饮类型,火锅,店铺id,4799594,店铺名称,友家鱼庄（天乡店）,经度,103.838336,纬度,30.724492
区域,成都,餐饮类型,川湘菜,店铺id,4684137,店铺名称,蓝雅阁酒楼 聚会必选的地方,经度,104.128663,纬度,30.618197
区域,成都,餐饮类型,火锅,店铺id,40656609,店铺名称,高山清汤鲜黄牛肉涮烤,经度,104.18011,纬度,30.819558
区域,成都,餐饮类型,小吃快餐,店铺id,41201114,店铺名称,一点味,经度,103.973403,纬度,30.676649
区域,成都,餐饮类型,香锅烤鱼,店铺id,771162,店铺名称,乔一乔农夫烤鱼,经度,104.110486,纬度,30.685702
区域,成都,餐饮类型,川湘菜,店铺id,5424765,店铺名称,叽嘎嘎柴火鸡,经度,104.134401,纬度,30.679998
区域,成都,餐饮类型,火锅,店铺id,2711730,店铺名称,杨连锅（蛟龙港店）20年老店,经度,103.914849,纬度,30.607877
区域,成都,餐饮类型,香锅烤鱼,店铺id,52773182,店铺名称,谭氏纸包鱼（正因店）,经度,104.187634,纬度,30.822766
区域,成都,餐饮类型,火锅,店铺id,4231772,店铺名称,黑龙滩生态鱼火锅,经度,104.033086,纬度,30.671728
区域,成都,餐饮类型,川湘菜,店铺id,1517384,店铺名称,御膳宫药膳餐厅（金沙店）,经度,104.009895,纬度,30.6774
区域,崇州,餐饮类型,生日蛋糕,店铺id,40911330,店铺名称,第1时间蛋糕,经度,103.692483,纬度,30.63906
区域,成都,餐饮类型,火锅,店铺id,51861125,店铺名称,吃货牛杂火锅串串香（旺府豪庭店）,经度,104.1905,纬度,30.817279
区域,成都,餐饮类型,小龙虾,店铺id,4541705,店铺名称,小酌油焖龙虾（万象城店）,经度,104.120353,纬度,30.648349
区域,成都,餐饮类型,火锅,店铺id,4795306,店铺名称,大丰炊冷锅鱼,经度,104.05546,纬度,30.765416
区域,崇州,餐饮类型,生日蛋糕,店铺id,40473642,店铺名称,亨得利蛋糕店,经度,103.676239,纬度,30.615278
区域,成都,餐饮类型,小吃快餐,店铺id,40207900,店铺名称,乐而美,经度,104.188335,纬度,30.701719
区域,新津县,餐饮类型,川湘菜,店铺id,41893828,店铺名称,津惠大酒店中餐厅（新津店）,经度,103.819892,纬度,30.41397
区域,邛崃,餐饮类型,烧烤烤串,店铺id,40245235,店铺名称,咕咕洋石板烧,经度,103.45266,纬度,30.406151
区域,邛崃,餐饮类型,烧烤烤串,店铺id,40245235,店铺名称,咕咕洋石板烧,经度,103.45266,纬度,30.406151
区域,成都,餐饮类型,川湘菜,店铺id,4976247,店铺名称,荣府煨汤,经度,103.998008,纬度,30.670009
区域,成都,餐饮类型,火锅,店铺id,1797231,店铺名称,仔耳朵冷锅鱼,经度,104.043378,纬度,30.637993
区域,成都,餐饮类型,自助餐,店铺id,2462368,店铺名称,众里寻她·千百度自助烤肉（犀池店）,经度,103.96422,纬度,30.753703
区域,成都,餐饮类型,火锅,店铺id,5288725,店铺名称,绣园庭院火锅,经度,104.02245,纬度,30.763922
区域,成都,餐饮类型,火锅,店铺id,41835213,店铺名称,北平楼老北京涮羊肉（龙舟路店）,经度,104.098107,纬度,30.628014
区域,成都,餐饮类型,火锅,店铺id,768111,店铺名称,宋二姐土鸡火锅（西门店）,经度,104.033859,纬度,30.66647
区域,成都,餐饮类型,饮品店,店铺id,41298470,店铺名称,43C烤串奶茶（新都店）,经度,104.16199,纬度,30.82453
区域,成都,餐饮类型,西餐,店铺id,152361874,店铺名称,Pizza 4U披萨（八宝街店）,经度,104.055495,纬度,30.673982
区域,成都,餐饮类型,生日蛋糕,店铺id,5926737,店铺名称,家乐蛋糕,经度,103.94971,纬度,30.78202
区域,成都,餐饮类型,生日蛋糕,店铺id,40459980,店铺名称,悠悠蛋糕屋,经度,104.254577,纬度,30.888482
区域,成都,餐饮类型,生日蛋糕,店铺id,42754790,店铺名称,康力西莱蛋糕（洪河店）,经度,104.162465,纬度,30.614387
区域,大邑,餐饮类型,火锅,店铺id,6176887,店铺名称,鲜道火锅（大邑店）,经度,103.526169,纬度,30.568241
区域,成都,餐饮类型,面包甜点,店铺id,96779882,店铺名称,抹茶王炒酸奶（理工大店）,经度,104.146092,纬度,30.675847
区域,成都,餐饮类型,香锅烤鱼,店铺id,6382729,店铺名称,烤匠麻辣烤鱼（蓝色加勒比店）,经度,104.077323,纬度,30.623316
区域,成都,餐饮类型,火锅,店铺id,42408744,店铺名称,小龙坎老火锅（春熙店）,经度,104.080129,纬度,30.651049
区域,成都,餐饮类型,西餐,店铺id,4034192,店铺名称,候鸟等风来·精致西厨（万科天荟店）,经度,104.124859,纬度,30.667127
区域,成都,餐饮类型,烧烤烤串,店铺id,2443084,店铺名称,汉丽轩韩式自助烤肉（SM广场店）,经度,104.112687,纬度,30.667886
区域,成都,餐饮类型,火锅,店铺id,84704,店铺名称,码头故事火锅（科华北路店）,经度,104.077125,纬度,30.6225
区域,成都,餐饮类型,自助餐,店铺id,4678765,店铺名称,九里·烤肉（龙湖北城天街店）,经度,104.066304,纬度,30.71051
区域,成都,餐饮类型,火锅,店铺id,5351147,店铺名称,全福居老北京涮羊肉,经度,104.049411,纬度,30.509361
区域,成都,餐饮类型,火锅,店铺id,774821,店铺名称,自贡芭夯兔（新都店）,经度,104.177292,纬度,30.812997
区域,成都,餐饮类型,火锅,店铺id,4047934,店铺名称,英雄峰荟火锅（交大店）,经度,104.045966,纬度,30.702507
区域,成都,餐饮类型,自助餐,店铺id,42361970,店铺名称,吉布鲁牛排海鲜自助（武侯凯德店）,经度,104.069359,纬度,30.60309
区域,成都,餐饮类型,生日蛋糕,店铺id,85852941,店铺名称,巴黎甜甜蛋糕连锁（华阳店）,经度,104.055053,纬度,30.52927
区域,成都,餐饮类型,日本菜,店铺id,1486686,店铺名称,大渔铁板烧（万象城商场店）,经度,104.116411,纬度,30.650105
区域,成都,餐饮类型,火锅,店铺id,5612172,店铺名称,曼柠香泰式海鲜火锅,经度,104.058302,纬度,30.673767
区域,成都,餐饮类型,小吃快餐,店铺id,40970877,店铺名称,上黄焖鸡米饭（川师店）,经度,104.11786,纬度,30.60725
区域,成都,餐饮类型,火锅,店铺id,4942438,店铺名称,城门口老火锅（复城国际店）,经度,104.055514,纬度,30.549549
区域,成都,餐饮类型,火锅,店铺id,2553114,店铺名称,山城老灶火锅（抚琴店）,经度,104.034325,纬度,30.679219
区域,成都,餐饮类型,火锅,店铺id,4942438,店铺名称,城门口老火锅（复城国际店）,经度,104.055514,纬度,30.549549
区域,成都,餐饮类型,火锅,店铺id,2553114,店铺名称,山城老灶火锅（抚琴店）,经度,104.034325,纬度,30.679219
区域,成都,餐饮类型,西餐,店铺id,775508,店铺名称,明悦大酒店明·西餐厅（永丰路店）,经度,104.047566,纬度,30.625606
区域,成都,餐饮类型,火锅,店铺id,3278568,店铺名称,龙忠园火锅（宏济新路店）,经度,104.096588,纬度,30.639416
区域,成都,餐饮类型,火锅,店铺id,4756503,店铺名称,小龙坎老火锅（华阳店）,经度,104.062263,纬度,30.505451
区域,成都,餐饮类型,火锅,店铺id,90540152,店铺名称,董记川道拐耗儿鱼（高新店）,经度,104.047685,纬度,30.558434
区域,简阳,餐饮类型,自助餐,店铺id,4962466,店铺名称,城市名人·米兰阳光西餐厅（金融街店）,经度,104.543486,纬度,30.408417
区域,成都,餐饮类型,生日蛋糕,店铺id,4004515,店铺名称,奇乐贝尔（东大街店）,经度,103.837911,纬度,30.698828
区域,成都,餐饮类型,西餐,店铺id,3276234,店铺名称,尊宝比萨（鹭岛店）,经度,104.01147,纬度,30.647537
区域,成都,餐饮类型,川湘菜,店铺id,769311,店铺名称,一把骨（宽窄巷子总店）,经度,104.04861,纬度,30.669709
区域,成都,餐饮类型,火锅,店铺id,3293784,店铺名称,四季锅火锅（桐梓林店）,经度,104.06241,纬度,30.618207
区域,成都,餐饮类型,日本菜,店铺id,6208114,店铺名称,一洋刺身（川大店）,经度,104.078524,纬度,30.623828
区域,都江堰,餐饮类型,西餐,店铺id,4491679,店铺名称,驯鹿菜菜（都江华府店）,经度,103.654678,纬度,30.995613
区域,成都,餐饮类型,烧烤烤串,店铺id,4889444,店铺名称,韩吉烤肉·牛排海鲜自助（高新区店）,经度,104.066352,纬度,30.601951
区域,成都,餐饮类型,火锅,店铺id,42310335,店铺名称,码头故事火锅（蜀汉路店）,经度,104.015723,纬度,30.691119
区域,成都,餐饮类型,火锅,店铺id,4591986,店铺名称,山城老灶火锅,经度,103.88305,纬度,30.80964
区域,成都,餐饮类型,火锅,店铺id,52425661,店铺名称,大舍火锅（华阳店）,经度,104.069784,纬度,30.50456
区域,成都,餐饮类型,火锅,店铺id,4583173,店铺名称,缘为火锅,经度,104.062336,纬度,30.620554
区域,成都,餐饮类型,火锅,店铺id,40696440,店铺名称,七掌柜自助火锅（华阳店）,经度,104.069969,纬度,30.505022
区域,成都,餐饮类型,自助餐,店铺id,2497105,店铺名称,三国烤肉海鲜欢乐自助风（春熙店）,经度,104.07799,纬度,30.65663
区域,成都,餐饮类型,火锅,店铺id,2391666,店铺名称,月满大江火锅（科华店）,经度,104.076694,纬度,30.615573
区域,成都,餐饮类型,川湘菜,店铺id,6862778,店铺名称,银座酒楼（新都店）,经度,104.16182,纬度,30.81041
区域,成都,餐饮类型,西餐,店铺id,1440305,店铺名称,德斯堡德国餐吧（锦华万达广场店）,经度,104.096466,纬度,30.62113
区域,成都,餐饮类型,火锅,店铺id,1804553,店铺名称,吴铭火锅（红光店）,经度,103.950263,纬度,30.781541
区域,成都,餐饮类型,火锅,店铺id,3290554,店铺名称,味之绝美蛙鱼头火锅（科华店）,经度,104.076219,纬度,30.62839
区域,成都,餐饮类型,火锅,店铺id,40247789,店铺名称,铜人李火锅（西大街店）,经度,104.056788,纬度,30.673087
区域,成都,餐饮类型,火锅,店铺id,40051884,店铺名称,重庆赵二老火锅（天府三街店）,经度,104.045046,纬度,30.546998
区域,成都,餐饮类型,火锅,店铺id,50268820,店铺名称,四川皇三爷火锅（全国总店）,经度,103.919311,纬度,30.579667
区域,成都,餐饮类型,日本菜,店铺id,41466615,店铺名称,秋野料理（镋钯街店）,经度,104.08075,纬度,30.648472
区域,成都,餐饮类型,火锅,店铺id,41799201,店铺名称,小龙坎老火锅（交大店）,经度,104.049322,纬度,30.705716
区域,成都,餐饮类型,火锅,店铺id,799508,店铺名称,码头故事火锅（北门店）,经度,104.087499,纬度,30.689966
区域,成都,餐饮类型,火锅,店铺id,40425726,店铺名称,码头故事火锅（华阳店）,经度,104.054383,纬度,30.523595
区域,成都,餐饮类型,烧烤烤串,店铺id,6667937,店铺名称,好来客自助烤肉,经度,104.162923,纬度,30.615923
区域,成都,餐饮类型,自助餐,店铺id,4998008,店铺名称,创鑫澳洲肥牛,经度,104.065209,纬度,30.656887
区域,成都,餐饮类型,川湘菜,店铺id,770850,店铺名称,一把骨（高升桥直营店）,经度,104.044861,纬度,30.638454
区域,成都,餐饮类型,火锅,店铺id,40559505,店铺名称,月满大江火锅（武侯祠店）,经度,104.05566,纬度,30.64701
区域,成都,餐饮类型,火锅,店铺id,789072,店铺名称,大嘴霸王排骨汤锅（建设直营店）,经度,104.10319,纬度,30.66968
区域,成都,餐饮类型,火锅,店铺id,6130122,店铺名称,醉烧刀百烤汇自助海鲜豆捞（空港北京华联店）,经度,103.986785,纬度,30.572345
区域,成都,餐饮类型,火锅,店铺id,5402317,店铺名称,集源老院子老火锅（新都总店）,经度,104.146937,纬度,30.783035
区域,成都,餐饮类型,西餐,店铺id,1512133,店铺名称,米兰咖啡餐吧（鹭岛店）,经度,104.012753,纬度,30.646369
区域,成都,餐饮类型,火锅,店铺id,6344652,店铺名称,尽膳口福跷脚牛肉（科华北路店）,经度,104.07628,纬度,30.62734
区域,成都,餐饮类型,川湘菜,店铺id,6316236,店铺名称,俏江南（春熙路IFS店）,经度,104.08197,纬度,30.655695
区域,成都,餐饮类型,火锅,店铺id,5013181,店铺名称,蜀中吴养生板栗鸡（凯德广场店）,经度,104.044008,纬度,30.704089
区域,成都,餐饮类型,西餐,店铺id,6270100,店铺名称,汉堡王（成都北京华联空港店）,经度,103.98661,纬度,30.571729
区域,彭州,餐饮类型,西餐,店铺id,1805995,店铺名称,德克士（彭州店）,经度,103.942145,纬度,30.983601
区域,成都,餐饮类型,火锅,店铺id,41242399,店铺名称,红坝子火锅（机投店）,经度,103.984959,纬度,30.639385
区域,成都,餐饮类型,西餐,店铺id,1484089,店铺名称,莱茵之畔,经度,103.90882,纬度,30.56448
区域,成都,餐饮类型,火锅,店铺id,1793768,店铺名称,袁记串串香（人民公园店）,经度,104.05942,纬度,30.654562
区域,成都,餐饮类型,粤港菜,店铺id,2507689,店铺名称,露斯潮流冰室（天府三街店）,经度,104.04457,纬度,30.54704
区域,成都,餐饮类型,火锅,店铺id,5108445,店铺名称,重庆老梭边鱼府（19分店）,经度,104.050275,纬度,30.678388
区域,成都,餐饮类型,火锅,店铺id,4742059,店铺名称,小龙坎老火锅（水碾河店）,经度,104.101512,纬度,30.646963
区域,成都,餐饮类型,川湘菜,店铺id,1048491,店铺名称,御膳宫养生餐厅（同仁堂店）,经度,104.080116,纬度,30.65748
区域,成都,餐饮类型,日本菜,店铺id,42221322,店铺名称,争鲜回转寿司（成都乐天店）,经度,104.06338,纬度,30.56889
区域,成都,餐饮类型,火锅,店铺id,5003029,店铺名称,香天下火锅（凯德·天府店）,经度,104.0695,纬度,30.602691
区域,成都,餐饮类型,火锅,店铺id,5820075,店铺名称,蓉城老妈火锅（大丰店）,经度,104.067299,纬度,30.764152
区域,成都,餐饮类型,自助餐,店铺id,40939877,店铺名称,酥咪铬海鲜自助烤肉（簇桥店）,经度,103.986201,纬度,30.601974
区域,成都,餐饮类型,西餐,店铺id,42065913,店铺名称,夏沐披萨（龙湖店）,经度,103.920768,纬度,30.751761
区域,成都,餐饮类型,火锅,店铺id,4507936,店铺名称,蜀韵蜀味火锅（新都店）,经度,104.179823,纬度,30.814816
区域,成都,餐饮类型,火锅,店铺id,5260165,店铺名称,辣芙蓉三汁焖锅（SM广场店）,经度,104.112046,纬度,30.668336
区域,成都,餐饮类型,粤港菜,店铺id,2382638,店铺名称,香港新记茶餐厅·花胶鸡（香槟广场店）,经度,104.078942,纬度,30.652324
区域,成都,餐饮类型,火锅,店铺id,5435627,店铺名称,码头故事火锅（琉璃店）,经度,104.100529,纬度,30.598781
区域,成都,餐饮类型,火锅,店铺id,1035306,店铺名称,庖锅人家火锅（簇桥店）,经度,103.997781,纬度,30.607374
区域,成都,餐饮类型,火锅,店铺id,2447989,店铺名称,巨石武陵山珍（静安店）,经度,104.181904,纬度,30.816578
区域,成都,餐饮类型,烧烤烤串,店铺id,4916177,店铺名称,韩国大排屋烤肉（玉林生活广场店）,经度,104.057786,纬度,30.620587
区域,成都,餐饮类型,火锅,店铺id,40127882,店铺名称,大美蓉城火锅（温江店）,经度,103.822098,纬度,30.687393
区域,成都,餐饮类型,火锅,店铺id,40890294,店铺名称,羊泉小院火锅,经度,104.011725,纬度,30.542929
区域,成都,餐饮类型,日本菜,店铺id,6028478,店铺名称,浅草逸庐（紫荆南路店）,经度,104.050811,纬度,30.611413
区域,成都,餐饮类型,火锅,店铺id,41133996,店铺名称,黄记煌三汁焖锅（温江店）,经度,103.863728,纬度,30.685353
区域,成都,餐饮类型,火锅,店铺id,5691974,店铺名称,鲸港肥牛（天仁店）,经度,104.076709,纬度,30.601608
区域,成都,餐饮类型,生日蛋糕,店铺id,2418552,店铺名称,喜来蛋糕（好望角店）,经度,104.086506,纬度,30.638241
区域,成都,餐饮类型,火锅,店铺id,1367260,店铺名称,大嘴霸王排骨汤锅（棕北直营店）,经度,104.07387,纬度,30.62524
区域,成都,餐饮类型,火锅,店铺id,2383872,店铺名称,川江滋香老火锅（荆竹店）,经度,104.098614,纬度,30.714613
区域,成都,餐饮类型,火锅,店铺id,777445,店铺名称,渔老鸹,经度,103.982928,纬度,30.582348
区域,成都,餐饮类型,自助餐,店铺id,42313968,店铺名称,环球洲际大饭店·天堂岛海鲜自助餐厅,经度,104.063766,纬度,30.566552
区域,成都,餐饮类型,生日蛋糕,店铺id,2429102,店铺名称,喜来蛋糕（北门店）,经度,104.08663,纬度,30.67666
区域,都江堰,餐饮类型,西餐,店铺id,5458233,店铺名称,欧雅名仕咖啡西餐厅（岷江店）,经度,103.646145,纬度,30.984076
区域,成都,餐饮类型,川湘菜,店铺id,4462784,店铺名称,鸡毛店（双流福田店）,经度,103.922759,纬度,30.581481
区域,成都,餐饮类型,生日蛋糕,店铺id,3317556,店铺名称,面包达人（华阳店）,经度,104.0555,纬度,30.50522
区域,成都,餐饮类型,火锅,店铺id,1801370,店铺名称,盘子串串香（万兴街总店）,经度,104.121835,纬度,30.652552
区域,都江堰,餐饮类型,北京菜,店铺id,2492865,店铺名称,北京烤鸭爱上川菜（中山路店）,经度,103.64197,纬度,30.988904
区域,成都,餐饮类型,香锅烤鱼,店铺id,76300273,店铺名称,销魂掌（西安北路店）,经度,104.048097,纬度,30.670433
区域,成都,餐饮类型,生日蛋糕,店铺id,773790,店铺名称,佳香饼屋,经度,104.10129,纬度,30.63697
区域,成都,餐饮类型,饮品店,店铺id,40080481,店铺名称,大通冰室（天府广场一店）,经度,104.06637,纬度,30.657356
区域,成都,餐饮类型,特色菜,店铺id,42052318,店铺名称,巷子私房菜,经度,104.17993,纬度,30.80276
区域,成都,餐饮类型,小吃快餐,店铺id,5716218,店铺名称,盆派冒菜（红光店）,经度,103.949894,纬度,30.782121
区域,成都,餐饮类型,火锅,店铺id,85210,店铺名称,巴蜀崽火锅（琉璃精品店）,经度,104.094352,纬度,30.590175
区域,成都,餐饮类型,香锅烤鱼,店铺id,4521088,店铺名称,农夫烤渔,经度,104.082725,纬度,30.678099
区域,成都,餐饮类型,川湘菜,店铺id,2463352,店铺名称,一把骨（川师店）,经度,104.119007,纬度,30.60597
区域,成都,餐饮类型,自助餐,店铺id,86469,店铺名称,亚马逊牛排海鲜自助（SM广场店）,经度,104.112062,纬度,30.66824
区域,成都,餐饮类型,烧烤烤串,店铺id,2538445,店铺名称,汉拿山（凯德广场店）,经度,104.044,纬度,30.70362
区域,成都,餐饮类型,自助餐,店铺id,86469,店铺名称,亚马逊牛排海鲜自助（SM广场店）,经度,104.112062,纬度,30.66824
区域,成都,餐饮类型,烧烤烤串,店铺id,2538445,店铺名称,汉拿山（凯德广场店）,经度,104.044,纬度,30.70362
区域,成都,餐饮类型,火锅,店铺id,6989471,店铺名称,码头故事火锅（大丰店）,经度,104.06733,纬度,30.76466
区域,金堂,餐饮类型,饮品店,店铺id,42045779,店铺名称,抹茶王炒酸奶（金堂店）,经度,104.46005,纬度,30.847928
区域,成都,餐饮类型,生日蛋糕,店铺id,4208353,店铺名称,戚风蛋糕（英祥商业广场店）,经度,104.260732,纬度,30.892013
区域,成都,餐饮类型,火锅,店铺id,51318751,店铺名称,蜀皇菌汤鲜黄牛肉（经天路店）,经度,104.102665,纬度,30.603292
区域,成都,餐饮类型,西餐,店铺id,4561193,店铺名称,布拉诺意大利餐厅（青羊鹏瑞利店）,经度,103.962416,纬度,30.670085
区域,成都,餐饮类型,日本菜,店铺id,42560831,店铺名称,兄弟船刺身（交大店）,经度,104.046324,纬度,30.702001
区域,成都,餐饮类型,川湘菜,店铺id,42858090,店铺名称,醉江湖武侠主题餐厅,经度,103.83754,纬度,30.70385
区域,成都,餐饮类型,火锅,店铺id,2484377,店铺名称,龙渊二荆条老火锅（总店）,经度,103.917101,纬度,30.581041
区域,成都,餐饮类型,火锅,店铺id,1805108,店铺名称,吉祥排骨连锅庄（音乐广场店）,经度,104.268348,纬度,30.556459
区域,成都,餐饮类型,西餐,店铺id,2572631,店铺名称,梓然咖啡（新都店）,经度,104.161578,纬度,30.824506
区域,成都,餐饮类型,火锅,店铺id,5233563,店铺名称,鑫御隆斑鱼庄（外双楠龙腾中路店）,经度,104.0171,纬度,30.65163
区域,成都,餐饮类型,自助餐,店铺id,60185488,店铺名称,七福徕·牛排海鲜自助餐厅（双流店）,经度,103.92281,纬度,30.57955
区域,邛崃,餐饮类型,粤港菜,店铺id,42636944,店铺名称,味道6+1茶餐厅,经度,103.459767,纬度,30.414035
区域,成都,餐饮类型,饮品店,店铺id,52309600,店铺名称,喜你の茶（银石店）,经度,104.079852,纬度,30.653098
区域,成都,餐饮类型,川湘菜,店铺id,6935278,店铺名称,天府掌柜（兰桂坊店）,经度,104.085606,纬度,30.644363
区域,成都,餐饮类型,火锅,店铺id,772752,店铺名称,老码头火锅（春熙店）,经度,104.07663,纬度,30.64961
区域,成都,餐饮类型,火锅,店铺id,81896,店铺名称,三只耳火锅（倪家桥店）,经度,104.0605,纬度,30.624647
区域,成都,餐饮类型,面包甜点,店铺id,2560150,店铺名称,鮮芋仙Meet Fresh（银石广场店）,经度,104.079458,纬度,30.653137
区域,成都,餐饮类型,台湾/客家菜,店铺id,41449051,店铺名称,乐记台粤料理（春熙路店）,经度,104.08141,纬度,30.65482
区域,成都,餐饮类型,日本菜,店铺id,771976,店铺名称,北海道海鲜料理店（香槟广场店）,经度,104.079092,纬度,30.652444
区域,成都,餐饮类型,火锅,店铺id,6527265,店铺名称,老味道重庆火锅（金牛万达广场店）,经度,104.074916,纬度,30.689226
区域,成都,餐饮类型,火锅,店铺id,5033145,店铺名称,九格红牦牛油火锅（宽窄巷子店）,经度,104.048718,纬度,30.667835
区域,成都,餐饮类型,火锅,店铺id,3253046,店铺名称,钰码头火锅,经度,104.059093,纬度,30.68541
区域,成都,餐饮类型,川湘菜,店铺id,6989949,店铺名称,香霸头乌鱼片（左岸花都店）,经度,104.065401,纬度,30.527256
区域,简阳,餐饮类型,火锅,店铺id,5103707,店铺名称,重庆牛香坊老火锅（简阳店）,经度,104.557135,纬度,30.386673
区域,成都,餐饮类型,火锅,店铺id,42564948,店铺名称,大院河鲜（九眼桥店）,经度,104.096332,纬度,30.639274
区域,成都,餐饮类型,粤港菜,店铺id,6127533,店铺名称,金翠河烧鹅餐厅（国际金融中心店）,经度,104.081346,纬度,30.655008
区域,成都,餐饮类型,西餐,店铺id,6915565,店铺名称,WOW西餐酒吧（九眼桥店）,经度,104.087408,纬度,30.63785
区域,成都,餐饮类型,粤港菜,店铺id,6127533,店铺名称,金翠河烧鹅餐厅（国际金融中心店）,经度,104.081346,纬度,30.655008
区域,成都,餐饮类型,西餐,店铺id,6915565,店铺名称,WOW西餐酒吧（九眼桥店）,经度,104.087408,纬度,30.63785
区域,成都,餐饮类型,火锅,店铺id,51223701,店铺名称,汤锅王草原清汤鲜黄牛肉（恒山南街店）,经度,103.96078,纬度,30.75218
区域,成都,餐饮类型,火锅,店铺id,75838,店铺名称,一品汤鲍·一品拾料,经度,104.009806,纬度,30.682213
区域,成都,餐饮类型,火锅,店铺id,2379223,店铺名称,倒拐香耗儿鱼（蜀汉店）,经度,104.02457,纬度,30.681775
区域,成都,餐饮类型,香锅烤鱼,店铺id,5303155,店铺名称,味道干锅王（龙泉店）,经度,104.198359,纬度,30.573265
区域,成都,餐饮类型,火锅,店铺id,4996359,店铺名称,城都骉骉叁陆玖主题火锅（斑竹园店）,经度,104.079654,纬度,30.811731
区域,成都,餐饮类型,川湘菜,店铺id,5452689,店铺名称,蓉和小厨（339购物中心店）,经度,104.094504,纬度,30.661818
区域,成都,餐饮类型,生日蛋糕,店铺id,4382476,店铺名称,爱达乐蛋糕（郫县时代天街店）,经度,103.920884,纬度,30.751141
区域,成都,餐饮类型,自助餐,店铺id,40472242,店铺名称,鱼香四季品质自助河鲜火锅（光华店）,经度,103.989628,纬度,30.665418
区域,成都,餐饮类型,火锅,店铺id,1160668,店铺名称,知乐香串坊.十六年老品牌（郭家桥店）,经度,104.079904,纬度,30.624066
区域,彭州,餐饮类型,川湘菜,店铺id,41259821,店铺名称,塔子坝旧院柴火鸡,经度,103.943585,纬度,30.99208
区域,成都,餐饮类型,生日蛋糕,店铺id,98135700,店铺名称,玛丽蛋糕（中和店）,经度,104.096532,纬度,30.561544
区域,成都,餐饮类型,日本菜,店铺id,5878242,店铺名称,兄弟船刺身（双楠店）,经度,104.028534,纬度,30.64571
区域,成都,餐饮类型,火锅,店铺id,42966833,店铺名称,泰徕海鲜火锅（红牌楼店）,经度,104.028811,纬度,30.633832
区域,简阳,餐饮类型,川湘菜,店铺id,4592146,店铺名称,熊家大院,经度,104.54738,纬度,30.39288
区域,成都,餐饮类型,川湘菜,店铺id,4987945,店铺名称,鼎月美食汇,经度,104.23758,纬度,30.57274
区域,成都,餐饮类型,火锅,店铺id,2393500,店铺名称,荣胜和鲜货火锅（红光西华店）,经度,103.949877,纬度,30.781033
区域,成都,餐饮类型,火锅,店铺id,4686068,店铺名称,老阿婆公馆火锅,经度,103.980925,纬度,30.720468
区域,成都,餐饮类型,火锅,店铺id,52829975,店铺名称,黄记煌三汁焖锅（凯德广场新南店）,经度,104.062973,纬度,30.602409
区域,成都,餐饮类型,烧烤烤串,店铺id,788148,店铺名称,86烧烤·宜宾烧烤 把把烧（石人总店）,经度,104.027005,纬度,30.674557
区域,金堂,餐饮类型,面包甜点,店铺id,6766725,店铺名称,爱琪儿（原黑森林手舞烘焙坊）,经度,104.44811,纬度,30.851008
区域,成都,餐饮类型,火锅,店铺id,1799506,店铺名称,渔来乐老梭边鱼府,经度,104.059013,纬度,30.620296
区域,成都,餐饮类型,川湘菜,店铺id,4774841,店铺名称,一把骨（郫县龙湖时代天街店）,经度,103.921534,纬度,30.751051
区域,成都,餐饮类型,小吃快餐,店铺id,66808378,店铺名称,第1佳大鸡排（省军区店）,经度,104.072633,纬度,30.63382
区域,成都,餐饮类型,川湘菜,店铺id,40430308,店铺名称,小馋院（海滨城店）,经度,103.908682,纬度,30.603305
区域,成都,餐饮类型,其他美食,店铺id,64686304,店铺名称,欧莱·森林花语,经度,104.15139,纬度,30.90328
区域,成都,餐饮类型,火锅,店铺id,767561,店铺名称,三只耳火锅（玉双店）,经度,104.092369,纬度,30.65683
区域,成都,餐饮类型,饮品店,店铺id,789670,店铺名称,良木缘咖啡·简餐（新都店）,经度,104.17948,纬度,30.80991
区域,成都,餐饮类型,川湘菜,店铺id,1569686,店铺名称,蓉和小厨（九方购物中心店）,经度,104.064922,纬度,30.589957
区域,成都,餐饮类型,火锅,店铺id,5707938,店铺名称,锦河鲜斑鱼坊,经度,104.095275,纬度,30.614862
区域,都江堰,餐饮类型,川湘菜,店铺id,1806506,店铺名称,重庆尖椒鸡,经度,103.635118,纬度,30.998394
区域,成都,餐饮类型,香锅烤鱼,店铺id,2371442,店铺名称,滋滋干锅烤鱼,经度,103.965003,纬度,30.753531
区域,都江堰,餐饮类型,火锅,店铺id,6298511,店铺名称,渝宗老灶火锅（都江堰店）,经度,103.660278,纬度,30.996815
区域,成都,餐饮类型,川湘菜,店铺id,1802906,店铺名称,小馋院（苏宁城市奥莱店）,经度,104.065496,纬度,30.601191
区域,成都,餐饮类型,火锅,店铺id,768483,店铺名称,老码头火锅（玉林店）,经度,104.0584,纬度,30.626757
区域,成都,餐饮类型,烧烤烤串,店铺id,6751659,店铺名称,馋道自助烤肉（犀浦店）,经度,103.963776,纬度,30.754115
区域,成都,餐饮类型,小吃快餐,店铺id,4713067,店铺名称,乡村基（龙湖时代天街店）,经度,103.91801,纬度,30.752977
区域,成都,餐饮类型,烧烤烤串,店铺id,4011748,店铺名称,韩悦拌饭·料理（空港店）,经度,103.98696,纬度,30.571796
区域,都江堰,餐饮类型,火锅,店铺id,40912129,店铺名称,福士莱野生菌煲,经度,103.633413,纬度,30.986629
区域,成都,餐饮类型,日韩料理,店铺id,2374919,店铺名称,横城韩牛（世豪广场店）,经度,104.044298,纬度,30.550315
区域,彭州,餐饮类型,火锅,店铺id,6793357,店铺名称,彭人谢记生态园老火锅,经度,103.928418,纬度,30.990994
区域,成都,餐饮类型,西餐,店铺id,6836481,店铺名称,华莱士·炸鸡汉堡（簇桥镇店）,经度,103.994194,纬度,30.610314
区域,成都,餐饮类型,日本菜,店铺id,1086316,店铺名称,侑米食寿司,经度,104.075762,纬度,30.635334
区域,成都,餐饮类型,川湘菜,店铺id,3298503,店铺名称,盐城人家盐帮菜,经度,103.974364,纬度,30.758246
区域,成都,餐饮类型,生日蛋糕,店铺id,4658585,店铺名称,蛋糕之翼,经度,104.059022,纬度,30.540571
区域,成都,餐饮类型,北京菜,店铺id,41173486,店铺名称,守柴炉烤鸭（科华北路店（磨子桥）,经度,104.07608,纬度,30.63093
区域,新津县,餐饮类型,西餐,店铺id,5336086,店铺名称,华莱士·炸鸡汉堡（新津花源镇店）,经度,103.88649,纬度,30.48385
区域,成都,餐饮类型,烧烤烤串,店铺id,97044443,店铺名称,西昌印象火盆烧烤（双林店）,经度,104.114101,纬度,30.651383
区域,成都,餐饮类型,日本菜,店铺id,1805532,店铺名称,疯子寿司,经度,103.884179,纬度,30.804872
区域,成都,餐饮类型,火锅,店铺id,2443952,店铺名称,黄记煌（奥克斯店）,经度,104.061644,纬度,30.576888
区域,成都,餐饮类型,日本菜,店铺id,4149572,店铺名称,天之府温德姆至尊豪庭大酒店,经度,103.902232,纬度,30.792894
区域,成都,餐饮类型,东南亚菜,店铺id,6409908,店铺名称,芽莊·越式料理（国际金融中心店）,经度,104.080375,纬度,30.654607
区域,成都,餐饮类型,烧烤烤串,店铺id,50932466,店铺名称,韩吉烤肉·牛排海鲜自助（龙湖.金楠天街店）,经度,103.995372,纬度,30.64775
区域,成都,餐饮类型,烧烤烤串,店铺id,56140,店铺名称,韩悦烤肉（锦华万达广场店）,经度,104.096632,纬度,30.620862
区域,成都,餐饮类型,火锅,店铺id,1555010,店铺名称,青青子衿重庆麻椒鱼,经度,104.082166,纬度,30.636828
区域,成都,餐饮类型,火锅,店铺id,116295046,店铺名称,北平楼老北京涮羊肉（双楠店）,经度,104.019311,纬度,30.639466
区域,成都,餐饮类型,火锅,店铺id,40619574,店铺名称,味之绝美蛙鱼头火锅（耍都店）,经度,104.058874,纬度,30.646379
区域,成都,餐饮类型,火锅,店铺id,777072,店铺名称,乐山苏稽跷脚牛肉（八宝街店）,经度,104.056759,纬度,30.672653
区域,成都,餐饮类型,火锅,店铺id,772859,店铺名称,荣胜和鲜货火锅（总店）,经度,103.961534,纬度,30.753518
区域,成都,餐饮类型,火锅,店铺id,40936620,店铺名称,半坡丛林花园火锅,经度,104.132146,纬度,30.580059
区域,成都,餐饮类型,饮品店,店铺id,4901013,店铺名称,O2DRINKS FRESH鲜榨果汁（北城天街店）,经度,104.066795,纬度,30.712148
区域,成都,餐饮类型,火锅,店铺id,42340620,店铺名称,码头故事火锅（黄金路店）,经度,103.992863,纬度,30.709135
区域,成都,餐饮类型,小吃快餐,店铺id,40319093,店铺名称,一叶清粥,经度,103.90964,纬度,30.60388
区域,成都,餐饮类型,火锅,店铺id,40016877,店铺名称,茅草房生态火锅山庄,经度,103.956425,纬度,30.691916
区域,成都,餐饮类型,西餐,店铺id,6997528,店铺名称,仁和春天酒店·春天庭餐厅（二环路西二段店）,经度,104.02,纬度,30.66273
区域,成都,餐饮类型,川湘菜,店铺id,767653,店铺名称,大蓉和（紫荆店）,经度,104.050742,纬度,30.611244
区域,成都,餐饮类型,小吃快餐,店铺id,6712822,店铺名称,小饺印（凯丹店）,经度,104.062947,纬度,30.602631
区域,成都,餐饮类型,火锅,店铺id,4261127,店铺名称,佬革命主题火锅（玉沙路店）,经度,104.084279,纬度,30.665322
区域,成都,餐饮类型,火锅,店铺id,51181513,店铺名称,知临菌王谷养生汤锅（龙湖成都时代天街店）,经度,103.921607,纬度,30.751066
区域,成都,餐饮类型,火锅,店铺id,788717,店铺名称,九尺赵老四火锅（红牌楼店）,经度,104.036078,纬度,30.631457
区域,成都,餐饮类型,川湘菜,店铺id,2526759,店铺名称,满酝厨,经度,103.89014,纬度,30.80127
区域,都江堰,餐饮类型,西餐,店铺id,92959998,店铺名称,驯鹿菜菜,经度,103.62563,纬度,31.00321
区域,成都,餐饮类型,日本菜,店铺id,41504669,店铺名称,淞刺身寿司（紫荆店）,经度,104.054594,纬度,30.616326
区域,都江堰,餐饮类型,火锅,店铺id,51960486,店铺名称,澳盟清汤鲜黄牛肉汤锅王,经度,103.625828,纬度,30.984546
区域,成都,餐饮类型,火锅,店铺id,772105,店铺名称,台新石头火锅（温江店）,经度,103.843612,纬度,30.69034
区域,都江堰,餐饮类型,火锅,店铺id,6874485,店铺名称,成渝龙火锅（都江堰店）,经度,103.641857,纬度,30.994357
区域,成都,餐饮类型,烧烤烤串,店铺id,2462632,店铺名称,衲都丽韩国木炭烤肉,经度,104.056601,纬度,30.673054
区域,成都,餐饮类型,香锅烤鱼,店铺id,1796925,店铺名称,三江烤鱼,经度,104.082437,纬度,30.678137
区域,成都,餐饮类型,火锅,店铺id,1800747,店铺名称,德庄火锅（锦华万达广场店）,经度,104.097289,纬度,30.621317
区域,成都,餐饮类型,生日蛋糕,店铺id,4073135,店铺名称,泰丽莎西饼坊（柏林小镇店）,经度,103.822551,纬度,30.696886
区域,成都,餐饮类型,川湘菜,店铺id,42603243,店铺名称,大厨小味（郫都店）,经度,103.88995,纬度,30.801336
区域,成都,餐饮类型,面包甜点,店铺id,5567041,店铺名称,酒窝甜品（SM广场店）,经度,104.112259,纬度,30.668561
区域,成都,餐饮类型,西餐,店铺id,67120170,店铺名称,贝克汉堡（红光步步高店）,经度,103.942707,纬度,30.773621
区域,成都,餐饮类型,西餐,店铺id,42931381,店铺名称,祖母的厨房（金沙店）,经度,104.001119,纬度,30.675658
区域,成都,餐饮类型,西餐,店铺id,40661671,店铺名称,海维克牛排馆HIGHWIC（双林店）,经度,104.110862,纬度,30.652403
区域,成都,餐饮类型,川湘菜,店铺id,5579493,店铺名称,河畔亚朵·蓉膳阁,经度,104.089742,纬度,30.654567
区域,成都,餐饮类型,火锅,店铺id,4432087,店铺名称,黄记牛肉汤锅牛杂火锅,经度,104.180806,纬度,30.819351
区域,成都,餐饮类型,火锅,店铺id,5490397,店铺名称,食玉轩斑鱼王（郫县店）,经度,103.894575,纬度,30.798505
区域,成都,餐饮类型,火锅,店铺id,5490397,店铺名称,食玉轩斑鱼王（郫县店）,经度,103.894575,纬度,30.798505
区域,成都,餐饮类型,烧烤烤串,店铺id,1467406,店铺名称,韩悦烤肉（金牛万达广场店）,经度,104.075126,纬度,30.686317
区域,成都,餐饮类型,火锅,店铺id,772557,店铺名称,宽坐（宽巷子店）,经度,104.055142,纬度,30.66322
区域,成都,餐饮类型,川湘菜,店铺id,1802265,店铺名称,大蓉和（一品天下店）,经度,104.026063,纬度,30.693816
区域,成都,餐饮类型,饮品店,店铺id,41903167,店铺名称,汁趣茶饮（川音店）,经度,104.17883,纬度,30.80323
区域,成都,餐饮类型,火锅,店铺id,4708786,店铺名称,华阳人家麻椒鱼·始于1999年（华阳总店）,经度,104.054693,纬度,30.519928
区域,成都,餐饮类型,川湘菜,店铺id,773611,店铺名称,大蓉和酒楼（外双楠店）,经度,104.011953,纬度,30.641074
区域,成都,餐饮类型,饮品店,店铺id,42895346,店铺名称,安妮咖啡（长益路店）,经度,104.03063,纬度,30.622906
区域,成都,餐饮类型,香锅烤鱼,店铺id,52926117,店铺名称,蒋记纸包鱼（西门店）,经度,103.950114,纬度,30.782165
区域,成都,餐饮类型,香锅烤鱼,店铺id,2780802,店铺名称,万州烤鱼·干锅（电信南街店）,经度,104.061729,纬度,30.635543
区域,成都,餐饮类型,小吃快餐,店铺id,773128,店铺名称,云南过桥米线（九龙店）,经度,104.071964,纬度,30.656984
区域,成都,餐饮类型,火锅,店铺id,4565623,店铺名称,黄记煌三汁焖锅（金牛万达广场店）,经度,104.075264,纬度,30.686603
区域,成都,餐饮类型,西餐,店铺id,42707126,店铺名称,三只熊披萨·意面·奶茶（保利心语店）,经度,104.041865,纬度,30.544768
区域,成都,餐饮类型,火锅,店铺id,42479856,店铺名称,铜鼎杀牛场原味老火锅（高新店）,经度,104.062333,纬度,30.576339
区域,成都,餐饮类型,川湘菜,店铺id,2540869,店铺名称,符缸老坛子酸菜竹笋鸡,经度,104.064863,纬度,30.517997
区域,成都,餐饮类型,西餐,店铺id,51252763,店铺名称,博瑞花园酒店·瑞源牛排海鲜全日制自助餐厅,经度,104.311308,纬度,30.599819
区域,成都,餐饮类型,火锅,店铺id,2389599,店铺名称,麒麟胖哥火锅食府（空港店）,经度,103.973939,纬度,30.567237
区域,成都,餐饮类型,江河湖海鲜,店铺id,768383,店铺名称,金龙渔港（双楠店）,经度,104.028059,纬度,30.64519
区域,成都,餐饮类型,火锅,店铺id,3307732,店铺名称,倒拐香耗儿鱼（琴台店）,经度,104.044989,纬度,30.657906
区域,崇州,餐饮类型,烧烤烤串,店铺id,2716529,店铺名称,馋道自助烤肉（天庆街店）,经度,103.666437,纬度,30.631592
区域,成都,餐饮类型,川湘菜,店铺id,1805643,店铺名称,盛世蓉和酒楼（郫县店）,经度,103.87831,纬度,30.81415
区域,成都,餐饮类型,火锅,店铺id,2538597,店铺名称,余一手串串香火锅·干锅（营门口总店）,经度,104.036157,纬度,30.685906
区域,都江堰,餐饮类型,西餐,店铺id,1469628,店铺名称,加豪加牛排（百伦店）,经度,103.63594,纬度,30.990964
区域,成都,餐饮类型,川湘菜,店铺id,770638,店铺名称,大蓉和（沙河店）,经度,104.115726,纬度,30.664362
区域,成都,餐饮类型,火锅,店铺id,52981415,店铺名称,码头故事（西环广场店）,经度,103.962455,纬度,30.671393
区域,成都,餐饮类型,生日蛋糕,店铺id,774605,店铺名称,啦滋多拿滋（香槟广场店）,经度,104.079184,纬度,30.652917
区域,成都,餐饮类型,火锅,店铺id,1475000,店铺名称,香天下生态园林火锅（光华村店）,经度,104.008362,纬度,30.663815
区域,成都,餐饮类型,火锅,店铺id,2523160,店铺名称,花串串,经度,104.057398,纬度,30.688261
区域,成都,餐饮类型,东南亚菜,店铺id,774793,店铺名称,Spice Magic香料法印度菜（沸城店）,经度,104.07607,纬度,30.624543
区域,新津县,餐饮类型,川湘菜,店铺id,5600251,店铺名称,宾丽苑乡村柴火鸡,经度,103.803811,纬度,30.40943
区域,成都,餐饮类型,烧烤烤串,店铺id,6218858,店铺名称,许羊羊蒙古部落烤羊（清水河公园店）,经度,103.989932,纬度,30.656572
区域,成都,餐饮类型,自助餐,店铺id,40981345,店铺名称,爱丽丝魔幻主题牛排海鲜自助餐厅,经度,103.909758,纬度,30.60331
区域,金堂,餐饮类型,火锅,店铺id,2779322,店铺名称,老朋友火锅,经度,104.423406,纬度,30.857961
区域,成都,餐饮类型,火锅,店铺id,2495245,店铺名称,武陵山珍（长冶路店）,经度,103.931656,纬度,30.560562
区域,成都,餐饮类型,烧烤烤串,店铺id,1798688,店铺名称,徐亮烤蹄（建设路店）,经度,104.10252,纬度,30.67149
区域,成都,餐饮类型,川湘菜,店铺id,6326645,店铺名称,学府盐帮菜,经度,104.118397,纬度,30.606381
区域,都江堰,餐饮类型,小吃快餐,店铺id,42647335,店铺名称,阳光比萨（宣化门店）,经度,103.623415,纬度,30.997004
区域,成都,餐饮类型,火锅,店铺id,2729288,店铺名称,味之绝美蛙鱼头火锅（华阳一店）,经度,104.055237,纬度,30.517824
区域,成都,餐饮类型,川湘菜,店铺id,5734397,店铺名称,蜀人印象,经度,104.271214,纬度,30.574705
区域,都江堰,餐饮类型,烧烤烤串,店铺id,42711942,店铺名称,蒙古部落炭火烤羊腿（都江堰店）,经度,103.626977,纬度,30.985036
区域,成都,餐饮类型,自助餐,店铺id,51824007,店铺名称,高新豪生大酒店银座日本餐厅,经度,104.069009,纬度,30.590498
区域,成都,餐饮类型,火锅,店铺id,65078053,店铺名称,皇味牛肉·黄牛肉生态汤锅（龙泉驿店）,经度,104.248149,纬度,30.5687
区域,成都,餐饮类型,川湘菜,店铺id,4122305,店铺名称,品轩蜀味焖锅（锦华万达广场店）,经度,104.097078,纬度,30.621414
区域,成都,餐饮类型,川湘菜,店铺id,770814,店铺名称,百年神厨（紫荆店）,经度,104.05483,纬度,30.61505
区域,成都,餐饮类型,面包甜点,店铺id,5633805,店铺名称,夏家一口酥定制生日蛋糕（北泉路店）,经度,104.247485,纬度,30.568914
区域,新津县,餐饮类型,火锅,店铺id,41313289,店铺名称,尚品·黄记煌三汁焖锅（新津店）,经度,103.81509,纬度,30.41964
区域,成都,餐饮类型,川湘菜,店铺id,1803929,店铺名称,香霸头乌鱼片旗舰店（伏龙小区店）,经度,104.056739,纬度,30.532109
区域,都江堰,餐饮类型,火锅,店铺id,3272811,店铺名称,兄昌自助火锅城（都江堰店）,经度,103.641872,纬度,30.99336
区域,成都,餐饮类型,火锅,店铺id,41782045,店铺名称,皇味牛肉·养生黄牛肉生态汤锅（簇桥店）,经度,103.998088,纬度,30.596438
区域,成都,餐饮类型,日韩料理,店铺id,773385,店铺名称,韩坊韩国料理,经度,104.063113,纬度,30.576251
区域,成都,餐饮类型,火锅,店铺id,1053533,店铺名称,大妙火锅（东郊记忆店）,经度,104.123263,纬度,30.670192
区域,成都,餐饮类型,火锅,店铺id,41673277,店铺名称,阿牛故事（IT大道土龙路店）,经度,103.964875,纬度,30.714131
区域,成都,餐饮类型,小龙虾,店铺id,42223413,店铺名称,水水龙虾,经度,104.056995,纬度,30.633458
区域,成都,餐饮类型,川湘菜,店铺id,40409784,店铺名称,白果林柴火鸡,经度,103.834118,纬度,30.80601
区域,成都,餐饮类型,火锅,店铺id,4277797,店铺名称,黄记煌三汁焖锅（阳光新业中心店）,经度,104.091096,纬度,30.643173
区域,成都,餐饮类型,川湘菜,店铺id,2662546,店铺名称,成都田园印象（郫县店）,经度,103.90955,纬度,30.803629
区域,成都,餐饮类型,火锅,店铺id,1804814,店铺名称,云香海火锅,经度,104.160345,纬度,30.820009
区域,简阳,餐饮类型,生日蛋糕,店铺id,51114417,店铺名称,永庆蛋糕,经度,104.547,纬度,30.389033
区域,成都,餐饮类型,火锅,店铺id,5080570,店铺名称,高记生鱼（金沙西单店）,经度,104.00094,纬度,30.675034
区域,成都,餐饮类型,火锅,店铺id,4887147,店铺名称,赖记丛林苗寨竹筒鸡（望丛中路店）,经度,103.877396,纬度,30.807579
区域,成都,餐饮类型,火锅,店铺id,42202287,店铺名称,泰徕泰式海鲜火锅（羊犀立交店）,经度,104.014025,纬度,30.693262
区域,成都,餐饮类型,火锅,店铺id,40554173,店铺名称,重庆鱼火锅,经度,104.10166,纬度,30.647094
区域,成都,餐饮类型,火锅,店铺id,6998217,店铺名称,雅安张记木桶鱼总店,经度,104.25042,纬度,30.88564
区域,成都,餐饮类型,火锅,店铺id,42011094,店铺名称,芗夯兔（桂湖店）,经度,104.153571,纬度,30.822467
区域,成都,餐饮类型,饮品店,店铺id,6588849,店铺名称,陈香坊音乐餐吧,经度,104.02377,纬度,30.662698
区域,成都,餐饮类型,北京菜,店铺id,1798815,店铺名称,食畫坊北京烤鸭（厂北路总店）,经度,104.113166,纬度,30.676368
区域,都江堰,餐饮类型,烧烤烤串,店铺id,1805793,店铺名称,东北人烤肉,经度,103.636387,纬度,30.991257
区域,成都,餐饮类型,小吃快餐,店铺id,772381,店铺名称,一品粥店,经度,104.049895,纬度,30.674854
区域,成都,餐饮类型,火锅,店铺id,4004030,店铺名称,锦香源·犀利锅,经度,103.9204,纬度,30.7516
区域,成都,餐饮类型,川湘菜,店铺id,788791,店铺名称,师徒情人民食堂（西安路店）,经度,104.048464,纬度,30.668213
区域,成都,餐饮类型,火锅,店铺id,1805491,店铺名称,裕昌火锅（德通桥路总店）,经度,103.823187,纬度,30.697254
区域,成都,餐饮类型,火锅,店铺id,5092066,店铺名称,王平头土灶火锅,经度,103.885316,纬度,30.802646
区域,崇州,餐饮类型,火锅,店铺id,5455156,店铺名称,武陵山珍（永康西路店）,经度,103.66453,纬度,30.621891
区域,成都,餐饮类型,火锅,店铺id,51404374,店铺名称,皇味牛肉养生黄牛肉生态汤锅（建设北路店）,经度,104.117822,纬度,30.678341
区域,成都,餐饮类型,生日蛋糕,店铺id,5716608,店铺名称,後街蛋糕（德通南路店）,经度,103.81985,纬度,30.69337
区域,成都,餐饮类型,西餐,店铺id,4647914,店铺名称,上牛铁板烧（静安路店）,经度,104.180516,纬度,30.815369
区域,成都,餐饮类型,火锅,店铺id,4033785,店铺名称,大味生态火锅（西航港店）,经度,103.984806,纬度,30.578082
区域,成都,餐饮类型,火锅,店铺id,4769788,店铺名称,花语小屋生态火锅,经度,103.800897,纬度,30.712019
区域,成都,餐饮类型,火锅,店铺id,120418632,店铺名称,重庆渝燚老火锅（龙泉店）,经度,104.256062,纬度,30.561861
区域,成都,餐饮类型,川湘菜,店铺id,4203555,店铺名称,明厨百味土碗菜,经度,104.003559,纬度,30.651562
区域,成都,餐饮类型,火锅,店铺id,4495068,店铺名称,重庆露凝香老火锅,经度,104.056901,纬度,30.672702
区域,成都,餐饮类型,日本菜,店铺id,67123,店铺名称,成都明宇尚雅饭店·和清亚洲料理,经度,104.06406,纬度,30.6462
区域,成都,餐饮类型,烧烤烤串,店铺id,2440179,店铺名称,韩味宫传统烤肉（新都家乐福店）,经度,104.17936,纬度,30.8108
区域,成都,餐饮类型,火锅,店铺id,40857626,店铺名称,百宗杀牛场原味火锅（科华店）,经度,104.07724,纬度,30.6345
区域,成都,餐饮类型,西餐,店铺id,5300609,店铺名称,8 Colors Bird Design Cafe 8色鸟咖啡西餐厅,经度,104.093415,纬度,30.640643
区域,成都,餐饮类型,烧烤烤串,店铺id,3253929,店铺名称,凉山火盆烧烤（新都店）,经度,104.175477,纬度,30.821353
区域,崇州,餐饮类型,火锅,店铺id,40221384,店铺名称,玖品鲜道火锅（崇州店）,经度,103.666275,纬度,30.641593
区域,成都,餐饮类型,东南亚菜,店铺id,5868587,店铺名称,Spice Magic香料法印度菜（凯德广场店）,经度,104.062943,纬度,30.602609
区域,都江堰,餐饮类型,生日蛋糕,店铺id,5225908,店铺名称,乐口福面包坊（翔凤路店）,经度,103.643855,纬度,30.971052
区域,成都,餐饮类型,川湘菜,店铺id,4717152,店铺名称,尚锦小厨,经度,104.099402,纬度,30.68337
区域,都江堰,餐饮类型,生日蛋糕,店铺id,5225908,店铺名称,乐口福面包坊（翔凤路店）,经度,103.643855,纬度,30.971052
区域,成都,餐饮类型,川湘菜,店铺id,4717152,店铺名称,尚锦小厨,经度,104.099402,纬度,30.68337
区域,都江堰,餐饮类型,火锅,店铺id,6647233,店铺名称,菌煲楼,经度,103.641926,纬度,31.006654
区域,成都,餐饮类型,火锅,店铺id,41102427,店铺名称,老铜门火锅,经度,104.002905,纬度,30.674323
区域,成都,餐饮类型,自助餐,店铺id,2448571,店铺名称,成都新都假日酒店餐厅,经度,104.18067,纬度,30.809923
区域,成都,餐饮类型,小吃快餐,店铺id,5799305,店铺名称,廖老妈蹄花（三洞桥店）,经度,104.04957,纬度,30.67509
区域,成都,餐饮类型,东南亚菜,店铺id,2558036,店铺名称,印度菜菜（锦华万达广场店）,经度,104.095513,纬度,30.620495
区域,成都,餐饮类型,烧烤烤串,店铺id,42273651,店铺名称,陈记炭火烤羊腿（犀浦店）,经度,103.96172,纬度,30.751038
区域,成都,餐饮类型,火锅,店铺id,2513098,店铺名称,码头故事火锅（正成广场店）,经度,103.980701,纬度,30.644721
区域,成都,餐饮类型,小吃快餐,店铺id,1796403,店铺名称,台屿小镇（东明街店）,经度,103.926419,纬度,30.574734
区域,成都,餐饮类型,小吃快餐,店铺id,64346993,店铺名称,米线煮艺（金牛凯德店）,经度,104.04483,纬度,30.702121
区域,成都,餐饮类型,火锅,店铺id,1795341,店铺名称,余一手串串香火锅·干锅（双流店）,经度,103.922671,纬度,30.57898
区域,成都,餐饮类型,生日蛋糕,店铺id,1561974,店铺名称,Anycake安易客（琉璃场店）,经度,104.092289,纬度,30.603232
区域,成都,餐饮类型,香锅烤鱼,店铺id,6994563,店铺名称,重庆万州烤鱼（祥和里店）,经度,104.09482,纬度,30.65845
区域,成都,餐饮类型,小吃快餐,店铺id,6297176,店铺名称,简阳马氏鲫鱼羊肉名汤,经度,103.827919,纬度,30.699005
区域,成都,餐饮类型,小吃快餐,店铺id,5304712,店铺名称,糖汇小馆-休闲餐厅领先品牌（天府广场店）,经度,104.06632,纬度,30.65724
区域,成都,餐饮类型,饮品店,店铺id,65930683,店铺名称,大通冰室（新都店）,经度,104.179629,纬度,30.803097
区域,成都,餐饮类型,自助餐,店铺id,2383290,店铺名称,友豪锦江酒店欧克莱自助西餐厅,经度,103.99453,纬度,30.63341
区域,成都,餐饮类型,火锅,店铺id,5517254,店铺名称,蒋记云南天麻火腿鸡（犀浦店）,经度,103.962671,纬度,30.750716
区域,成都,餐饮类型,火锅,店铺id,2506999,店铺名称,坎上坎老火锅,经度,103.895083,纬度,30.807073
区域,成都,餐饮类型,生日蛋糕,店铺id,11147,店铺名称,麦元素（科华北路店）,经度,104.07637,纬度,30.62635
区域,成都,餐饮类型,小吃快餐,店铺id,771184,店铺名称,奇味烤兔,经度,104.06208,纬度,30.62671
区域,成都,餐饮类型,川湘菜,店铺id,1449185,店铺名称,东郊食堂,经度,104.12237,纬度,30.6699
区域,成都,餐饮类型,火锅,店铺id,769169,店铺名称,肥犇仔小火锅（青羊店）,经度,104.038381,纬度,30.659953
区域,成都,餐饮类型,西餐,店铺id,2626557,店铺名称,华莱士炸鸡汉堡（恒山北街店）,经度,103.965498,纬度,30.758573
区域,成都,餐饮类型,小吃快餐,店铺id,6020089,店铺名称,廖记棒棒鸡（郫县未来城店）,经度,103.892235,纬度,30.793527
区域,成都,餐饮类型,火锅,店铺id,89324,店铺名称,天府神厨火锅酒楼（原点店）,经度,104.074089,纬度,30.66768
区域,成都,餐饮类型,火锅,店铺id,41312680,店铺名称,大龙燚火锅（犀浦店）,经度,103.974169,纬度,30.751226
区域,彭州,餐饮类型,西餐,店铺id,41827811,店铺名称,吉品会小资生活馆,经度,103.950163,纬度,30.991676
区域,成都,餐饮类型,火锅,店铺id,1035297,店铺名称,鑫宽窄里千层肚火锅（金沙店）,经度,104.02091,纬度,30.66821
区域,成都,餐饮类型,火锅,店铺id,1452896,店铺名称,胡南山老火锅（青白江店）,经度,104.261974,纬度,30.890151
区域,成都,餐饮类型,火锅,店铺id,50167233,店铺名称,大龍琰火锅（新都店）,经度,104.176535,纬度,30.813189
区域,成都,餐饮类型,烧烤烤串,店铺id,2392677,店铺名称,PANKOO釜山料理（九方店）,经度,104.065752,纬度,30.589614
区域,成都,餐饮类型,烧烤烤串,店铺id,52096308,店铺名称,刘记醉西昌火盆烧烤,经度,103.912484,纬度,30.547301
区域,成都,餐饮类型,川湘菜,店铺id,770508,店铺名称,盐府人家大盐商酒楼,经度,104.092089,纬度,30.67859
区域,成都,餐饮类型,火锅,店铺id,68031248,店铺名称,源盟草原清汤鲜黄牛肉（蓝谷地店）,经度,104.126193,纬度,30.60411
区域,成都,餐饮类型,小吃快餐,店铺id,42892847,店铺名称,脆香基（川大江安店）,经度,103.990199,纬度,30.54999
区域,成都,餐饮类型,西餐,店铺id,4753727,店铺名称,巴里岛咖啡（大丰家乐福店）,经度,104.06739,纬度,30.759598
区域,成都,餐饮类型,西餐,店铺id,6495449,店铺名称,LENBACH兰巴赫 西餐啤酒坊（水璟唐店）,经度,104.085113,纬度,30.643843
区域,成都,餐饮类型,小吃快餐,店铺id,64724161,店铺名称,嗨岛兔·特产小吃烤兔烤鸡兔头（总店）,经度,104.078757,纬度,30.658916
区域,成都,餐饮类型,火锅,店铺id,5531344,店铺名称,碟滋味碟碟香火锅城,经度,104.279729,纬度,30.570588
区域,成都,餐饮类型,火锅,店铺id,50811456,店铺名称,院坝记忆串串香火锅·龙虾·烧烤（鱼凫路总店）,经度,103.834252,纬度,30.705551
区域,成都,餐饮类型,生日蛋糕,店铺id,5328696,店铺名称,亚细亚蛋糕（天生路店）,经度,104.262315,纬度,30.55511
区域,成都,餐饮类型,西餐,店铺id,68935884,店铺名称,玛格利塔披萨（天府店）,经度,104.065316,纬度,30.657519
区域,成都,餐饮类型,火锅,店铺id,5261364,店铺名称,重庆当年老火锅,经度,104.157481,纬度,30.625086
区域,武汉,餐饮类型,烧烤烤串,店铺id,107771246,店铺名称,牛岛·炭火烤肉（世茂希尔顿店）,经度,114.273808,纬度,30.537717
区域,武汉,餐饮类型,小吃快餐,店铺id,40149531,店铺名称,豪大大香鸡排,经度,114.360718,纬度,30.574903
区域,武汉,餐饮类型,小吃快餐,店铺id,41605051,店铺名称,五谷渔粉（光谷天地店）,经度,114.410818,纬度,30.478479
区域,武汉,餐饮类型,日本菜,店铺id,179409626,店铺名称,小川料理（汉街二店）,经度,114.337747,纬度,30.558234
区域,武汉,餐饮类型,面包甜点,店铺id,4160549,店铺名称,榴莲一品（光谷天地店）,经度,114.410602,纬度,30.476592
区域,武汉,餐饮类型,香锅烤鱼,店铺id,6742130,店铺名称,大溪烤鱼（光谷店）,经度,114.409364,纬度,30.500719
区域,武汉,餐饮类型,日本菜,店铺id,157361898,店铺名称,小川料理（楚河汉街店）,经度,114.345403,纬度,30.554055
区域,武汉,餐饮类型,生日蛋糕,店铺id,42522908,店铺名称,幸福时光蛋糕（光谷广场店）,经度,114.39771,纬度,30.507208
区域,武汉,餐饮类型,火锅,店铺id,50988080,店铺名称,李二鲜鱼火锅（光谷意大利风情街店）,经度,114.406744,纬度,30.502167
区域,武汉,餐饮类型,日本菜,店铺id,94424398,店铺名称,小川料理（街道口店）,经度,114.354035,纬度,30.525911
区域,武汉,餐饮类型,生日蛋糕,店铺id,41112399,店铺名称,爱莉cake（司门口店）,经度,114.298893,纬度,30.543052
区域,武汉,餐饮类型,饮品店,店铺id,40292548,店铺名称,骰子镇·贡茶（未来城店）,经度,114.353698,纬度,30.524629
区域,武汉,餐饮类型,川湘菜,店铺id,179463762,店铺名称,付先生在成都（泛海店）,经度,114.256165,纬度,30.601453
区域,武汉,餐饮类型,生日蛋糕,店铺id,2554256,店铺名称,欧上蛋糕（首义店）,经度,114.30604,纬度,30.535257
区域,武汉,餐饮类型,西餐,店铺id,6456805,店铺名称,玛格利塔（鲁广店）,经度,114.39214,纬度,30.5052
区域,武汉,餐饮类型,日韩料理,店铺id,188982319,店铺名称,阿卡AK.Lab洋风韩国料理（楚河汉街店）,经度,114.344856,纬度,30.554377
区域,武汉,餐饮类型,火锅,店铺id,40487903,店铺名称,李二鲜鱼火锅（杨园店）,经度,114.343385,纬度,30.599522
区域,武汉,餐饮类型,火锅,店铺id,6662454,店铺名称,麻辣小屋（汉商21世纪中心店）,经度,114.210967,纬度,30.559759
区域,武汉,餐饮类型,生日蛋糕,店铺id,1187676172,店铺名称,雪菲网红手工艺蛋糕（武昌店）,经度,114.317949,纬度,30.509823
区域,武汉,餐饮类型,生日蛋糕,店铺id,1032903,店铺名称,多喜西饼（光谷店）,经度,114.406072,纬度,30.506134
